,"{1: [2, 3, 4, 6, 7, 8, 10, 16, 22, 29, 32, 33, 34, 37, 43, 46, 48, 49, 50, 51, 52, 55, 60, 62, 64, 66, 68, 70, 72, 74, 76, 78, 79, 80, 81, 83, 84, 85, 87, 91, 94, 100, 107, 115, 116, 117, 127, 128, 130, 135, 145, 147, 151, 152, 153, 163, 173, 178, 184, 188, 189, 190, 196, 198, 207, 209, 211, 216, 219, 221, 224, 225, 226, 235, 238, 248, 253, 261, 262, 263, 266, 270, 273, 276, 278, 286, 289, 290, 291, 293, 296, 298, 300, 303, 304, 305, 311, 314, 326, 328, 330, 332, 334, 336, 342, 344, 345, 346, 347, 350, 353, 366, 368, 371, 377, 380, 383, 384, 385, 388, 392, 396, 400, 404, 411, 415, 418, 420, 421, 422, 427, 429, 433, 446, 456, 457, 458, 465, 470, 473, 475, 477, 479, 481, 483, 495, 496, 497, 499, 502, 509, 511, 522, 524, 530, 532, 533, 534, 542, 544, 547, 558, 560, 565, 566, 567, 569, 572, 595, 600, 601, 602, 605, 607, 610, 625, 636, 637, 638, 641, 650, 663, 665, 669, 673, 674, 675, 681, 696, 703, 710, 711, 712, 715, 728, 739, 747, 748, 749, 759, 767, 772, 776, 783, 784, 785, 790, 792, 795, 797, 799, 801, 804, 806, 808, 810, 819, 822, 823, 824, 832, 841, 848, 851, 857, 858, 859, 861, 872, 878, 888, 894, 895, 896, 903, 912, 914, 917, 922, 926, 931, 932, 933, 942, 951, 954, 956, 959, 962, 964, 966, 969, 970, 971, 973, 976, 978, 981, 983, 985, 989, 991, 994, 996, 999, 1001, 1004, 1007, 1009, 1010, 1011, 1014, 1016, 1018, 1021, 1024, 1028, 1031, 1036, 1038, 1041, 1048, 1049, 1050, 1053, 1055, 1057, 1059, 1061, 1068, 1070, 1076, 1078, 1081, 1085, 1086, 1087, 1091, 1094, 1096, 1100, 1102, 1104, 1106, 1108, 1111, 1113, 1115, 1117, 1119, 1122, 1124, 1125, 1126, 1128, 1130, 1133, 1136, 1138, 1140, 1142, 1146, 1148, 1155, 1157, 1159, 1163, 1164, 1165, 1175, 1184, 1186, 1188, 1189, 1191, 1196, 1198, 1199, 1200, 1204, 1206, 1209, 1211, 1216, 1218, 1220, 1223, 1236, 1237, 1238, 1240, 1243, 1246, 1255, 1260, 1262, 1265, 1267, 1271, 1273, 1274, 1275, 1281, 1284, 1287, 1296, 1299, 1301, 1303, 1305, 1311, 1312, 1313, 1318, 1321, 1323, 1326, 1329, 1337, 1339, 1341, 1344, 1348, 1349, 1350, 1353, 1355, 1357, 1359, 1363, 1365, 1370, 1372, 1385, 1386, 1387, 1390, 1392, 1395, 1397, 1399, 1401, 1405, 1410, 1413, 1415, 1419, 1422, 1423, 1424, 1428, 1430, 1434, 1441, 1451, 1458, 1459, 1460, 1463, 1468, 1471, 1472, 1473, 1475, 1476, 1477, 1478, 1480, 1482, 1483, 1484, 1490, 1491, 1492, 1493, 1495, 1497, 1498, 1499, 1504, 1505, 1506, 1511, 1514, 1515, 1516, 1519, 1521, 1522, 1523, 1525, 1526, 1527, 1530, 1531, 1532, 1534, 1535, 1536, 1540, 1541, 1542, 1544, 1549, 1551, 1556, 1557, 1558, 1560, 1565, 1572, 1579, 1583, 1586, 1587]}"
limited,"{1: [750, 1510]}"
interference,"{1: [1517, 1520, 1538]}"
personally,{1: [1283]}
four,{1: [154]}
corruptive,{1: [264]}
consists,{1: [338]}
hate,"{1: [247, 249, 249, 250]}"
ofzion,{1: [876]}
looking,"{1: [199, 1297]}"
votes,{1: [461]}
violate,{1: [1074]}
periodicals,{1: [537]}
condemns,{1: [653]}
teaching,"{1: [447, 620, 1064, 1569]}"
sorry,{1: [287]}
pride,"{1: [697, 844]}"
worth,"{1: [677, 1454]}"
merchant,{1: [1207]}
risk,"{1: [862, 906]}"
void,{1: [1052]}
rise,{1: [89]}
misunderstanding,{1: [1084]}
every,"{1: [90, 97, 110, 133, 137, 329, 360, 520, 621, 627, 730, 774, 838, 845, 905, 908, 924, 924, 1151, 1377, 1462]}"
govern,{1: [1182]}
jacob,"{1: [54, 149, 171, 183, 916]}"
encounter,{1: [407]}
believed,{1: [1447]}
school,"{1: [539, 1233]}"
dominate,{1: [923]}
nigger,{1: [399]}
burke,{1: [39]}
triumph,{1: [40]}
enjoy,"{1: [176, 647, 688]}"
disclose,{1: [844]}
force,"{1: [578, 667, 746, 762, 770, 889]}"
leaders,"{1: [140, 259, 1174]}"
concise,{1: [1485]}
judaization,"{1: [99, 628]}"
elections,{1: [460]}
preacher,"{1: [283, 905]}"
surrounding,{1: [1486]}
second,{1: [889]}
street,{1: [170]}
believing,"{1: [623, 1023]}"
rigorous,{1: [550]}
implemented,{1: [1563]}
even,"{1: [111, 143, 241, 360, 425, 461, 493, 622, 629, 639, 722, 817, 839, 853, 941, 1173, 1192, 1214, 1251, 1379, 1383, 1403, 1427]}"
established,"{1: [354, 471, 943]}"
hide,{1: [318]}
christ,"{1: [27, 35, 267, 268, 272, 275, 277, 280, 283, 287, 476, 709, 800, 1127, 1215, 1245, 1249, 1251, 1269, 1381]}"
deliberate,"{1: [258, 1250]}"
saved,"{1: [902, 911, 1069, 1335]}"
beaten,{1: [863]}
asia,{1: [1257]}
oaths,{1: [1051]}
new,"{1: [67, 149, 183, 451, 1231]}"
increasing,"{1: [581, 582, 603]}"
ever,"{1: [195, 214, 577, 581, 643, 752, 753, 757, 839, 1131, 1258, 1293, 1356, 1360]}"
stooges,"{1: [463, 907]}"
told,"{1: [195, 401, 919, 938, 1062, 1294, 1391, 1444, 1466]}"
agreement,"{1: [943, 988, 995, 1072, 1080, 1082, 1407, 1417]}"
gentiles,"{1: [324, 424, 624, 1149, 1178, 1346]}"
whose,{1: [907]}
men,"{1: [40, 108]}"
interdependent,{1: [59]}
drew,{1: [126]}
protection,{1: [1520]}
china,{1: [830]}
active,{1: [763]}
referring,"{1: [1147, 1314]}"
kids,"{1: [1248, 1374, 1375]}"
antisemitic,"{1: [251, 252]}"
tapes,"{1: [847, 1072, 1073, 1074, 1083, 1408]}"
study,"{1: [401, 1324]}"
economics,{1: [643]}
reports,{1: [156]}
credit,"{1: [588, 589]}"
donning,{1: [318]}
leaven,{1: [709]}
adopting,{1: [617]}
changes,{1: [1426]}
criticism,{1: [256]}
divide,"{1: [897, 1360]}"
explained,"{1: [14, 765]}"
schooling,{1: [1097]}
highly,{1: [88]}
brought,"{1: [105, 752, 850, 927, 1431]}"
visible,"{1: [320, 339]}"
moral,"{1: [38, 444, 447]}"
pp,{1: [1226]}
hindsight,{1: [666]}
glance,{1: [492]}
total,{1: [536]}
devastation,{1: [722]}
spoke,"{1: [192, 424]}"
would,"{1: [154, 201, 275, 282, 416, 423, 597, 597, 598, 599, 683, 690, 691, 692, 723, 743, 745, 770, 944, 1293, 1306, 1309, 1315, 1325, 1380, 1444, 1447]}"
army,{1: [356]}
manipulators,{1: [854]}
arms,"{1: [1479, 1485, 1487, 1489]}"
kibbutzraised,{1: [407]}
program,{1: [1232]}
call,"{1: [99, 327, 329, 1304]}"
therefore,"{1: [468, 490, 618, 651]}"
type,{1: [771]}
tell,"{1: [257, 294, 1035, 1293, 1293]}"
thensenator,{1: [54]}
holy,"{1: [653, 1258, 1258]}"
successful,"{1: [573, 730, 1177, 1181]}"
benefiting,{1: [306]}
naive,"{1: [96, 239, 881]}"
hereby,{1: [1508]}
phony,{1: [228]}
reign,{1: [137]}
aware,"{1: [24, 364, 1193]}"
lord,{1: [865]}
continual,{1: [592]}
hold,"{1: [613, 614, 837, 1537]}"
must,"{1: [204, 363, 582, 582, 611, 779, 865, 867, 907, 1097, 1153, 1167, 1172, 1566, 1580, 1580, 1584]}"
shoot,{1: [1095]}
hoax,{1: [648]}
word,"{1: [203, 255, 620, 620, 780, 845, 868, 1082, 1084, 1178]}"
rights,"{1: [1486, 1488, 1509, 1512, 1547, 1563]}"
work,"{1: [471, 690, 692, 693, 1109, 1581]}"
awakening,{1: [722]}
incubator,{1: [61]}
eighteen,{1: [1524]}
henry,"{1: [112, 519, 617, 764]}"
exceptions,{1: [1580]}
akin,{1: [865]}
root,"{1: [884, 885]}"
example,"{1: [449, 523, 644, 1437]}"
indicated,"{1: [1570, 1576, 1578]}"
give,"{1: [292, 515, 516, 518, 523, 541, 687, 1002, 1039, 1080, 1089, 1105, 1123, 1247, 1406]}"
unjust,{1: [25]}
cited,{1: [125]}
organized,"{1: [879, 1234, 1254, 1448]}"
involve,{1: [633]}
indicates,{1: [958]}
loaning,{1: [652]}
want,"{1: [259, 292, 968, 997, 1073, 1079, 1088, 1090, 1112, 1141, 1141, 1193, 1193, 1222]}"
times,"{1: [177, 201, 1156, 1231, 1278, 1314, 1426, 1426]}"
advancing,{1: [454]}
absolute,"{1: [102, 103, 708]}"
end,"{1: [122, 520, 677]}"
turn,"{1: [589, 695, 707, 870]}"
provide,{1: [42]}
travel,{1: [159]}
song,{1: [361]}
crusaders,{1: [635]}
machine,"{1: [1131, 1416]}"
stupidity,"{1: [121, 206, 615, 661, 791, 1332]}"
writers,{1: [1065]}
answer,"{1: [25, 319, 432, 944, 965, 990, 992, 1105, 1110, 1112, 1116, 1120, 1134, 1139, 1141, 1141, 1247]}"
truthful,"{1: [1197, 1244]}"
classify,{1: [201]}
badly,{1: [863]}
minority,"{1: [760, 763]}"
replacing,{1: [507]}
containing,{1: [513]}
wrong,"{1: [244, 619, 834, 1171, 1400]}"
lay,"{1: [440, 757]}"
president,"{1: [75, 111, 113, 171, 754, 1227, 1228, 1231, 1231]}"
law,"{1: [513, 643, 1378, 1486, 1494, 1500, 1502, 1503, 1520, 1550, 1553, 1559]}"
las,{1: [1095]}
attempt,"{1: [150, 155, 1278]}"
effective,"{1: [364, 436]}"
headquarters,{1: [409]}
childhood,{1: [1118]}
maintain,{1: [630]}
enter,"{1: [460, 461]}"
order,"{1: [338, 460, 630]}"
greed,{1: [1393]}
senators,"{1: [89, 183]}"
untold,"{1: [734, 845]}"
office,"{1: [108, 816, 1044]}"
consent,{1: [928]}
using,"{1: [979, 1203]}"
ensnare,{1: [827]}
satisfied,{1: [700]}
strangle,{1: [1172]}
copyright,"{1: [1546, 1553, 1562, 1585]}"
unknowingly,{1: [891]}
exhibits,{1: [885]}
better,"{1: [424, 780, 882, 899, 1022, 1105, 1110, 1139, 1503]}"
production,{1: [603]}
compelling,"{1: [667, 886]}"
hidden,"{1: [1, 19, 82, 883, 935, 938, 1429]}"
overcome,{1: [35]}
eventually,"{1: [363, 389, 408, 927]}"
combination,{1: [562]}
selfconfessed,{1: [843]}
unemployed,{1: [831]}
safe,"{1: [755, 768]}"
intimidation,{1: [561]}
break,"{1: [854, 1064]}"
educating,{1: [756]}
basics,{1: [986]}
repulsive,"{1: [1239, 1276]}"
german,"{1: [1322, 1325]}"
schools,"{1: [1375, 1377]}"
silver,"{1: [507, 514, 516, 527]}"
bank,"{1: [505, 513, 587]}"
represents,{1: [25]}
pbs,{1: [1228]}
slavery,{1: [410]}
victory,"{1: [102, 139, 836]}"
addicted,{1: [708]}
went,"{1: [136, 177, 866]}"
meal,{1: [564]}
mean,"{1: [271, 391, 397, 1120, 1213, 1320]}"
geldings,{1: [563]}
angola,{1: [125]}
concord,{1: [1464]}
principles,"{1: [441, 1486]}"
aide,"{1: [54, 916]}"
taught,"{1: [97, 611, 643, 651, 1039, 1118, 1150, 1172, 1263]}"
enormity,{1: [1037]}
lawyers,{1: [1172]}
dawn,{1: [725]}
large,{1: [960]}
merchants,{1: [455]}
rs,"{1: [925, 1438]}"
god,"{1: [5, 453, 589, 591, 852, 852, 853, 868, 913, 949, 1114, 1118, 1259, 1304, 1335, 1406, 1420]}"
christhating,{1: [881]}
content,{1: [874]}
fellowship,{1: [169]}
encourage,{1: [1203]}
goy,"{1: [202, 203, 306, 443, 512, 515, 559, 741]}"
reader,"{1: [42, 814, 838, 941, 1416]}"
medicine,{1: [708]}
got,{1: [1208]}
newly,{1: [537]}
gov,{1: [599]}
forth,"{1: [431, 634, 729, 773]}"
informed,{1: [1488]}
foundation,"{1: [212, 1379]}"
personal,{1: [1098]}
sheer,{1: [762]}
free,"{1: [359, 576, 733, 868, 1507]}"
fred,{1: [1228]}
untruth,{1: [1250]}
wanted,"{1: [1241, 1324, 1327]}"
wrath,{1: [1470]}
pulpits,{1: [644]}
staggers,"{1: [194, 1279]}"
exposing,"{1: [17, 640]}"
created,"{1: [503, 590, 1017]}"
absolved,{1: [1051]}
steward,{1: [25]}
ministries,{1: [1443]}
labored,{1: [611]}
displeases,{1: [1044]}
already,"{1: [538, 849, 967, 1030, 1129]}"
redblooded,{1: [1466]}
bengurion,{1: [227]}
another,"{1: [141, 329, 445, 482, 646, 660, 683, 706, 720, 720, 800, 839, 907, 1144, 1181, 1316, 1331, 1366, 1447, 1573]}"
toy,{1: [133]}
debase,{1: [461]}
service,{1: [550]}
propagandizing,{1: [754]}
top,"{1: [915, 1219]}"
neck,{1: [1294]}
fiction,{1: [191]}
master,"{1: [504, 529, 793]}"
listed,{1: [1500]}
dwell,{1: [987]}
percentage,{1: [1378]}
john,"{1: [889, 898]}"
bitter,"{1: [1217, 1219]}"
genesis,"{1: [685, 1145]}"
listen,"{1: [845, 1071]}"
murder,{1: [741]}
paltry,{1: [695]}
tool,"{1: [259, 737, 1502]}"
serve,"{1: [390, 1110, 1205]}"
took,"{1: [539, 945]}"
rejected,{1: [268]}
direct,"{1: [661, 1182]}"
western,"{1: [919, 1257]}"
corresponded,{1: [165]}
peculiar,{1: [468]}
begins,"{1: [357, 725, 940]}"
nail,{1: [459]}
peril,{1: [679]}
rabbi,"{1: [99, 331, 1166]}"
showed,{1: [1426]}
bitterness,{1: [1402]}
nations,"{1: [89, 343, 348, 466, 485, 571, 617, 829, 830, 849]}"
preparation,{1: [1083]}
matter,"{1: [106, 440, 469, 620, 760, 1330]}"
idle,{1: [852]}
guilt,{1: [426]}
historical,{1: [489]}
wielded,{1: [744]}
feeling,{1: [1098]}
failing,"{1: [105, 121]}"
sees,{1: [630]}
modern,"{1: [460, 578]}"
mind,"{1: [30, 137, 182, 204, 363, 449, 543, 555, 972]}"
mine,{1: [845]}
spent,"{1: [241, 734]}"
talking,{1: [379]}
manner,{1: [1277]}
worlders,{1: [906]}
seen,"{1: [1383, 1454]}"
seem,{1: [578]}
theology,{1: [1254]}
seek,"{1: [445, 699, 702, 869, 952, 1538]}"
contents,"{1: [195, 837]}"
forced,"{1: [372, 437, 581]}"
strength,"{1: [309, 406]}"
genuine,{1: [486]}
thoroughly,{1: [204]}
responsible,{1: [340]}
degenerates,{1: [317]}
thorough,{1: [432]}
predominantly,{1: [114]}
practices,{1: [651]}
forces,{1: [635]}
laughed,{1: [545]}
cochairman,{1: [171]}
circles,"{1: [187, 488]}"
nobody,{1: [1225]}
though,"{1: [468, 492, 577]}"
exercised,{1: [788]}
extending,{1: [1072]}
germany,"{1: [723, 1030, 1030]}"
negro,{1: [1438]}
plenty,"{1: [302, 1110]}"
utilize,{1: [436]}
coin,"{1: [513, 514]}"
arent,{1: [1354]}
germans,{1: [487]}
morality,"{1: [403, 405]}"
episode,{1: [1448]}
liguidated,"{1: [373, 592]}"
oath,"{1: [1043, 1044, 1045, 1054, 1064]}"
medical,{1: [1377]}
camp,{1: [349]}
flow,{1: [138]}
digress,{1: [937]}
points,{1: [577]}
principle,{1: [753]}
enterprise,{1: [576]}
dow,{1: [1230]}
fitted,{1: [505]}
reserve,"{1: [505, 512, 526, 527, 588, 735, 1194]}"
saying,"{1: [546, 1039, 1185, 1205, 1278]}"
anyones,{1: [692]}
presentday,{1: [1443]}
random,{1: [156]}
radio,"{1: [360, 536]}"
falsehoods,"{1: [469, 471]}"
earth,"{1: [279, 280, 800, 1456]}"
lessons,{1: [743]}
judges,{1: [1173]}
copy,{1: [168]}
consciousness,{1: [439]}
explain,{1: [1105]}
mens,{1: [713]}
bush,{1: [274]}
rich,{1: [445]}
gods,"{1: [30, 474, 619, 686, 948, 1099, 1101, 1116, 1263, 1381, 1418, 1420]}"
enslave,"{1: [23, 698]}"
scripture,"{1: [866, 1332]}"
indepth,{1: [401]}
stop,"{1: [105, 241]}"
dc,"{1: [14, 170, 920]}"
spirit,{1: [141]}
despite,{1: [26]}
report,"{1: [816, 1229]}"
vividly,{1: [1160]}
comply,{1: [1580]}
countries,"{1: [358, 359, 488, 745, 1151]}"
nicely,{1: [506]}
suggested,"{1: [118, 413]}"
public,"{1: [133, 416, 540, 718, 732, 826, 1566, 1569, 1573]}"
inactive,{1: [762]}
egoist,{1: [201]}
release,{1: [936]}
respond,{1: [555]}
attest,{1: [640]}
reference,{1: [1502]}
generally,{1: [1567]}
deemed,{1: [1051]}
observed,{1: [820]}
depends,{1: [941]}
decided,"{1: [174, 1324]}"
result,"{1: [19, 576, 619, 892, 1221]}"
holding,{1: [830]}
corrupt,{1: [302]}
best,"{1: [449, 945, 1319]}"
subject,"{1: [723, 1501]}"
said,"{1: [27, 89, 93, 108, 139, 180, 193, 218, 227, 249, 265, 299, 313, 335, 370, 390, 414, 423, 501, 516, 531, 559, 709, 813, 928, 948, 982, 1032, 1167, 1176, 1247, 1276, 1285, 1308, 1309, 1314, 1327, 1383, 1431]}"
ambitions,{1: [844]}
away,"{1: [245, 741, 866, 1300]}"
irs,"{1: [735, 1440]}"
continually,"{1: [579, 599, 604, 754, 755]}"
future,"{1: [308, 369, 564, 1051, 1292]}"
finger,{1: [627]}
disprove,{1: [281]}
hopefully,{1: [186]}
wise,"{1: [36, 331, 1166]}"
slugs,{1: [516]}
preserve,"{1: [677, 679]}"
never,"{1: [193, 355, 356, 438, 445, 490, 516, 555, 556, 580, 583, 592, 593, 603, 647, 653, 655, 657, 671, 687, 688, 692, 694, 700, 701, 704, 733, 769, 899, 972, 979, 1258, 1269, 1269, 1282, 1336, 1371, 1383]}"
terms,{1: [683]}
extend,"{1: [588, 589]}"
nature,"{1: [126, 444, 471, 521, 563]}"
rolled,{1: [608]}
confusion,"{1: [132, 1178, 1179, 1179]}"
handful,{1: [854]}
ignorance,"{1: [124, 826, 905]}"
richest,{1: [538]}
ww,"{1: [478, 1170]}"
extent,"{1: [707, 764, 1058, 1570, 1577]}"
news,"{1: [104, 106, 613, 660, 1034, 1229]}"
debt,"{1: [592, 592]}"
faced,{1: [389]}
protect,"{1: [472, 774]}"
disdain,{1: [120]}
country,"{1: [90, 352, 408, 818, 829, 883, 891, 900, 902, 907, 910, 1043, 1151, 1154, 1182]}"
ill,"{1: [114, 521, 1084, 1176, 1304]}"
demanded,{1: [1153]}
facet,{1: [924]}
planned,{1: [137]}
hypocrites,{1: [318]}
expense,{1: [159]}
asked,"{1: [101, 108, 210, 222, 299, 335, 351, 389, 431, 510, 523, 531, 545, 1308, 1309]}"
appeared,"{1: [181, 844]}"
prominent,{1: [1292]}
trust,"{1: [325, 1361]}"
hitler,{1: [1025]}
speak,"{1: [277, 423, 1190, 1351, 1352, 1396, 1455]}"
conference,{1: [242]}
basis,"{1: [975, 1307]}"
union,"{1: [906, 1561]}"
trapdoor,{1: [348]}
futility,{1: [757]}
three,"{1: [109, 1005, 1444, 1580]}"
quickly,{1: [288]}
permission,{1: [1585]}
much,"{1: [159, 161, 180, 242, 337, 349, 887, 950, 1279, 1285, 1351, 1421, 1431, 1435]}"
interest,"{1: [454, 654, 1554]}"
basic,{1: [215]}
intercourses,{1: [443]}
life,"{1: [265, 376, 439, 441, 442, 450, 484, 670, 707, 842, 863, 924, 1373]}"
families,"{1: [352, 355, 356, 639, 684]}"
eastern,"{1: [937, 1257]}"
concerning,{1: [609]}
lift,{1: [854]}
child,{1: [838]}
worked,"{1: [58, 63, 691]}"
applied,{1: [721]}
righteous,{1: [855]}
publicly,"{1: [923, 1293]}"
sileven,{1: [1445]}
originate,{1: [341]}
economies,{1: [803]}
resume,{1: [1446]}
employ,{1: [758]}
teachers,"{1: [1040, 1173]}"
stopping,{1: [726]}
balance,"{1: [930, 937, 1411]}"
k,"{1: [54, 149, 171, 183]}"
mistake,{1: [733]}
seven,"{1: [323, 1436]}"
iz,{1: [1309]}
mexico,{1: [830]}
defeated,{1: [916]}
iv,{1: [619]}
ii,"{1: [478, 632, 1029, 1170]}"
cant,"{1: [1134, 1224, 1376]}"
clutches,{1: [901]}
im,"{1: [295, 373, 374, 965, 974, 992, 1029, 1054, 1197, 1292, 1398]}"
hebrew,"{1: [213, 1178]}"
comparative,{1: [490]}
mouse,{1: [134]}
id,"{1: [315, 1248]}"
trusted,{1: [325]}
memorial,{1: [168]}
taped,"{1: [928, 937]}"
things,"{1: [192, 391, 736, 778, 988, 1089, 1239, 1239, 1276, 1278, 1356, 1403, 1403]}"
make,"{1: [251, 282, 434, 716, 1168, 1261, 1264, 1272, 1279]}"
amount,{1: [831]}
rebellion,{1: [1461]}
complex,{1: [426]}
freedomloving,{1: [1466]}
several,"{1: [391, 902]}"
european,"{1: [745, 1561, 1561, 1562]}"
ringleaders,{1: [1179]}
frenchmen,{1: [486]}
everett,{1: [1445]}
published,"{1: [934, 960, 1573]}"
goyim,{1: [736]}
evil,"{1: [40, 142, 843, 884, 885, 889]}"
hand,"{1: [142, 815, 884]}"
documents,{1: [1508]}
noncommercial,{1: [1571]}
potentials,{1: [775]}
workings,{1: [14]}
thoughts,"{1: [563, 609]}"
cycle,"{1: [583, 585]}"
practiced,{1: [526]}
whereby,{1: [435]}
programs,"{1: [93, 554]}"
vulgar,{1: [929]}
possessed,{1: [438]}
youre,"{1: [307, 979, 997, 1042, 1071, 1072, 1134, 1143, 1144, 1144, 1180, 1282, 1354]}"
ths,{1: [515]}
game,{1: [700]}
materials,{1: [539]}
greatest,"{1: [469, 577, 693, 717, 761, 1362]}"
qualities,{1: [1457]}
mother,"{1: [165, 1320, 1322]}"
left,"{1: [56, 69, 1030]}"
opinions,"{1: [1407, 1537]}"
proposed,{1: [531]}
able,"{1: [26, 489, 535, 593, 613, 632, 698, 701, 844]}"
ideas,{1: [1538]}
silverman,{1: [1228]}
thanks,{1: [206]}
human,"{1: [141, 1509, 1512, 1547]}"
facts,"{1: [374, 779, 1486]}"
yes,"{1: [274, 386, 838, 893, 1137, 1156, 1207, 1212, 1427]}"
article,"{1: [1513, 1524, 1533]}"
yet,"{1: [122, 142, 200, 586, 968, 1006, 1066]}"
previous,{1: [61]}
spectacles,{1: [618]}
acguiring,{1: [700]}
instance,"{1: [395, 1568]}"
niggers,"{1: [1202, 1213]}"
ease,"{1: [95, 490]}"
character,"{1: [451, 469, 484, 1065, 1575]}"
advancement,{1: [1375]}
countrys,{1: [1192]}
board,{1: [333]}
innocent,{1: [843]}
save,"{1: [679, 777, 852, 853, 900]}"
expelled,{1: [1153]}
gave,"{1: [175, 283]}"
threatens,{1: [884]}
boasted,"{1: [102, 103, 205]}"
elders,{1: [876]}
posed,"{1: [990, 1245]}"
possible,"{1: [97, 141, 142, 868, 887, 1289]}"
possibly,"{1: [56, 778, 1069, 1160, 1177]}"
cultural,{1: [382]}
bastards,{1: [318]}
wanting,{1: [997]}
judge,{1: [197]}
personalized,{1: [876]}
apart,"{1: [690, 1144]}"
desire,"{1: [164, 434, 886]}"
county,{1: [393]}
candidness,{1: [200]}
theyre,{1: [1212]}
offices,{1: [817]}
arbitrary,{1: [1517]}
security,{1: [905]}
devils,{1: [1467]}
cowardice,{1: [662]}
gompers,{1: [576]}
right,"{1: [73, 786, 997, 1144, 1398, 1462, 1479, 1485, 1488, 1520, 1528, 1528, 1537, 1537, 1568]}"
deal,{1: [881]}
people,"{1: [23, 31, 39, 89, 131, 143, 155, 157, 161, 274, 283, 301, 316, 406, 414, 425, 445, 462, 467, 474, 540, 551, 555, 612, 623, 646, 657, 686, 699, 700, 704, 716, 730, 740, 753, 754, 768, 791, 805, 827, 831, 864, 869, 936, 940, 948, 950, 961, 998, 1002, 1032, 1032, 1035, 1039, 1040, 1063, 1088, 1099, 1101, 1116, 1127, 1187, 1212, 1224, 1225, 1248, 1249, 1252, 1259, 1259, 1264, 1283, 1285, 1288, 1289, 1343, 1354, 1360, 1361, 1374, 1381, 1382, 1418, 1420, 1421, 1461, 1462, 1469]}"
creed,{1: [451]}
ironically,{1: [1066]}
dead,"{1: [280, 1003, 1003]}"
usher,{1: [593]}
election,{1: [916]}
escape,"{1: [550, 893, 900]}"
dear,"{1: [813, 1416]}"
counts,"{1: [1360, 1367]}"
enemies,"{1: [363, 901, 1149]}"
denies,{1: [890]}
unfit,{1: [905]}
zionist,"{1: [123, 210, 212, 229, 230, 231, 242, 897, 906]}"
comments,{1: [45]}
everything,"{1: [175, 250, 339, 867, 883]}"
zionism,"{1: [208, 222, 227, 812, 880, 1324]}"
asking,{1: [1134]}
arrest,{1: [1445]}
serpents,{1: [36]}
christmas,{1: [287]}
theological,{1: [614]}
bold,{1: [45]}
plot,"{1: [892, 1277]}"
pose,"{1: [1000, 1120]}"
illustration,"{1: [45, 1569]}"
englishmen,{1: [487]}
yoke,{1: [854]}
paid,{1: [1241]}
plo,"{1: [56, 57]}"
memorable,{1: [175]}
bury,{1: [96]}
permitted,"{1: [829, 960]}"
chapter,{1: [170]}
conceal,"{1: [471, 484]}"
newspapers,"{1: [360, 537]}"
citizens,"{1: [122, 817]}"
efforts,"{1: [242, 670, 726, 1546]}"
match,{1: [750]}
raised,{1: [1063]}
statements,"{1: [1436, 1442]}"
formerly,"{1: [815, 874]}"
presence,{1: [1438]}
civil,{1: [631]}
pays,{1: [230]}
prisoners,{1: [853]}
intellectual,"{1: [386, 407]}"
son,{1: [890]}
lies,"{1: [541, 717, 1090, 1252]}"
beings,{1: [141]}
accomplishments,{1: [1376]}
magazines,{1: [360]}
doctrine,{1: [621]}
reducing,{1: [649]}
mass,{1: [1226]}
communists,"{1: [323, 338, 351, 357, 811, 825]}"
art,{1: [1563]}
despised,{1: [264]}
deception,{1: [490]}
support,"{1: [223, 234]}"
available,"{1: [1546, 1573]}"
asses,"{1: [417, 417]}"
liquidated,{1: [333]}
fight,"{1: [1364, 1366, 1455]}"
stuck,{1: [1294]}
editor,"{1: [179, 918, 1229, 1230]}"
way,"{1: [265, 369, 434, 721, 910, 910, 1062, 1063, 1239, 1319, 1347, 1400, 1453]}"
acquirers,{1: [686]}
music,{1: [361]}
war,"{1: [407, 631, 631, 632, 633, 1025, 1029, 1452]}"
head,"{1: [580, 1304]}"
form,"{1: [491, 658, 691]}"
offer,{1: [704]}
becoming,{1: [721]}
ford,"{1: [112, 519, 617, 764]}"
heinous,{1: [1277]}
feminine,{1: [562]}
heat,{1: [744]}
powerfully,{1: [873]}
hear,"{1: [870, 1193, 1241, 1292, 1327]}"
astonished,{1: [194]}
true,"{1: [236, 369, 450, 590, 939, 960, 1201, 1253, 1391, 1436, 1453, 1464]}"
analyst,{1: [938]}
builds,{1: [552]}
bounds,{1: [1470]}
economic,"{1: [38, 518, 651, 660, 1547, 1574]}"
bide,{1: [1168]}
horrifying,{1: [180]}
propaganda,"{1: [231, 242, 359, 529, 622, 661, 740, 742, 794, 853, 1171]}"
adopt,"{1: [671, 1330]}"
sinful,{1: [1060]}
proven,{1: [1046]}
evidence,"{1: [142, 493, 836]}"
proves,{1: [685]}
exist,{1: [447]}
prayer,{1: [868]}
mold,{1: [539]}
trip,{1: [816]}
physical,"{1: [220, 364]}"
dying,"{1: [677, 1454]}"
whereas,"{1: [321, 460, 672]}"
nd,{1: [75]}
reality,"{1: [31, 231, 399, 577, 781, 782, 1234, 1431, 1437, 1439]}"
tim,{1: [885]}
interested,{1: [686]}
role,{1: [583]}
javits,"{1: [54, 149, 172, 183, 1109, 1141]}"
brings,{1: [256]}
test,{1: [1580]}
rightholder,{1: [1582]}
confusing,{1: [1340]}
realize,"{1: [306, 378, 704, 1469]}"
nw,{1: [170]}
intend,"{1: [1082, 1291]}"
brothers,"{1: [58, 480]}"
felt,"{1: [386, 545, 1427, 1442]}"
wars,{1: [630]}
sensuous,{1: [554]}
horrible,{1: [778]}
intent,{1: [142]}
authorities,{1: [613]}
dearborn,{1: [114]}
hurt,"{1: [164, 1080]}"
dispersed,{1: [213]}
jones,{1: [1230]}
younger,{1: [1022]}
sanctions,{1: [1440]}
happening,{1: [316]}
bullet,{1: [156]}
salt,"{1: [1456, 1456]}"
daily,"{1: [552, 1446]}"
time,"{1: [148, 156, 199, 199, 267, 375, 436, 459, 584, 677, 873, 927, 1071, 1161, 1166, 1168, 1201, 1214, 1229, 1455, 1457]}"
serious,{1: [1408]}
intimacy,{1: [666]}
profits,"{1: [586, 597, 597]}"
hope,"{1: [1283, 1388]}"
concept,"{1: [213, 734, 1332]}"
managed,{1: [459]}
citizenry,"{1: [1222, 1222]}"
diplomacy,{1: [126]}
keep,"{1: [974, 1080, 1082, 1084, 1307, 1479, 1485, 1486, 1488]}"
separates,{1: [1356]}
hot,{1: [1464]}
focus,{1: [726]}
skin,"{1: [680, 1333]}"
battle,"{1: [777, 867, 900]}"
proselytes,{1: [628]}
idealism,{1: [439]}
supposedly,{1: [1012]}
depend,{1: [1375]}
nineteen,{1: [1533]}
father,"{1: [165, 890, 1320, 1322]}"
abhorrent,{1: [676]}
answered,"{1: [272, 1006, 1244, 1319]}"
finally,{1: [714]}
unpleasant,{1: [402]}
permanently,{1: [228]}
terror,{1: [137]}
suffered,{1: [165]}
circumstances,{1: [1074]}
veterans,"{1: [781, 1432]}"
division,{1: [1367]}
supported,{1: [1066]}
advantage,"{1: [398, 1203, 1207]}"
allegations,"{1: [953, 953]}"
parable,"{1: [25, 1333]}"
choice,{1: [110]}
vegas,{1: [1095]}
advised,{1: [167]}
join,{1: [1330]}
trouble,{1: [1079]}
little,{1: [1149]}
exact,{1: [915]}
minute,"{1: [246, 1084]}"
governments,"{1: [19, 24, 320, 359, 1151, 1343]}"
judaism,"{1: [329, 367, 381, 382, 386, 409, 620]}"
banished,{1: [908]}
level,{1: [649]}
turns,"{1: [284, 1570, 1578]}"
brother,{1: [166]}
temple,{1: [453]}
p,"{1: [114, 162, 521, 619, 766]}"
recall,"{1: [1156, 1205]}"
guy,{1: [1110]}
unaware,{1: [1194]}
spiritual,"{1: [223, 268, 282]}"
talked,"{1: [154, 1346, 1435]}"
invader,{1: [771]}
temples,{1: [653]}
dealing,"{1: [413, 723]}"
discover,"{1: [814, 1469]}"
sign,{1: [731]}
jewishrun,{1: [1208]}
cost,"{1: [581, 585, 865]}"
evasive,{1: [1120]}
patient,{1: [1161]}
sordid,{1: [1221]}
resurgence,{1: [724]}
stands,{1: [119]}
deluded,{1: [626]}
thicker,{1: [1384]}
current,"{1: [651, 1574, 1577]}"
goes,{1: [952]}
booklet,"{1: [11, 42]}"
international,"{1: [114, 161, 162, 169, 521, 529, 619, 765, 794, 821, 880, 1187]}"
appeal,"{1: [554, 852]}"
filled,"{1: [679, 705, 706]}"
satisfy,{1: [1003]}
maxims,"{1: [1494, 1500, 1502]}"
concepts,{1: [98]}
understanding,"{1: [41, 42, 424, 431, 945, 1098, 1503, 1547]}"
water,{1: [1384]}
weisman,"{1: [47, 1474, 1481, 1496]}"
deceit,"{1: [250, 1338, 1342]}"
persecuted,"{1: [312, 1150]}"
teaches,"{1: [658, 1043]}"
teacher,{1: [905]}
change,"{1: [299, 301, 751, 1297, 1331, 1331, 1333, 1335, 1426, 1528]}"
wait,"{1: [96, 138, 174, 1444]}"
mlschnah,{1: [986]}
sending,{1: [244]}
exemption,"{1: [1568, 1573]}"
boast,{1: [369]}
expressly,{1: [1575]}
plotter,{1: [906]}
step,{1: [1580]}
proud,{1: [1376]}
goldenson,{1: [1227]}
accomplished,{1: [1174]}
ineffective,{1: [742]}
franklin,{1: [110]}
studies,{1: [448]}
regardless,"{1: [865, 887, 1539]}"
merely,"{1: [277, 491, 736]}"
prefer,{1: [197]}
logical,"{1: [555, 770]}"
graduated,{1: [1377]}
italians,{1: [487]}
patriots,"{1: [734, 734]}"
forefront,{1: [639]}
rarely,{1: [666]}
market,{1: [526]}
deceptions,{1: [1162]}
wealth,"{1: [445, 590, 887]}"
prove,"{1: [271, 1268]}"
subvert,{1: [1052]}
super,{1: [1183]}
angry,{1: [1222]}
visit,"{1: [220, 280]}"
france,"{1: [1152, 1158]}"
live,"{1: [294, 466, 672, 672, 689, 1214]}"
prey,{1: [678]}
opposed,{1: [580]}
harolds,{1: [167]}
scope,{1: [121]}
angels,{1: [867]}
today,"{1: [15, 119, 1268, 1288, 1351, 1438, 1444, 1447]}"
wicked,"{1: [870, 1334]}"
afford,{1: [793]}
unequaled,{1: [316]}
finis,{1: [1414]}
apparent,"{1: [181, 525, 721]}"
everywhere,"{1: [231, 1438]}"
savior,{1: [1215]}
cases,"{1: [628, 1575, 1581]}"
wouldnt,"{1: [972, 1241, 1306]}"
thousands,"{1: [836, 1030, 1258]}"
pretend,{1: [1167]}
soul,{1: [666]}
cat,{1: [133]}
purge,{1: [333]}
attacks,"{1: [1518, 1520]}"
printing,"{1: [537, 862]}"
inferior,{1: [1212]}
following,"{1: [855, 1510]}"
making,"{1: [233, 426, 725, 1546, 1573]}"
nonredeemable,"{1: [508, 510, 515]}"
plum,{1: [538]}
slightest,{1: [490]}
spy,{1: [329]}
cite,{1: [1437]}
rosenthals,"{1: [168, 200, 919, 928, 953]}"
confused,{1: [1178]}
paused,{1: [1283]}
heard,"{1: [142, 222, 979, 1314, 1364, 1383, 1455]}"
fortunes,{1: [695]}
posing,{1: [57]}
council,"{1: [1251, 1253, 1562]}"
allowed,"{1: [485, 1342]}"
clothing,{1: [318]}
occur,{1: [578]}
bigot,{1: [255]}
recited,{1: [1047]}
discussion,"{1: [118, 140, 1507]}"
means,"{1: [435, 439, 454, 887, 904, 905, 979, 1178]}"
write,"{1: [319, 754]}"
vital,"{1: [786, 840]}"
sword,"{1: [741, 744, 746, 758]}"
dominance,{1: [93]}
economy,"{1: [1192, 1194]}"
product,"{1: [449, 598]}"
influenced,{1: [240]}
may,"{1: [25, 398, 419, 751, 887, 940, 1043, 1051, 1285, 1286, 1351, 1356, 1487, 1562]}"
sacrifice,"{1: [676, 1169]}"
produce,{1: [690]}
designed,"{1: [554, 821, 825]}"
date,{1: [434]}
revealed,"{1: [17, 504, 889, 1429]}"
grow,"{1: [597, 713]}"
man,"{1: [110, 111, 275, 277, 279, 279, 666, 667, 719, 734, 800, 838, 1109]}"
reaped,{1: [634]}
stupidly,{1: [528]}
maybe,"{1: [1062, 1105, 1400]}"
st,{1: [65]}
ones,{1: [1118]}
definitions,{1: [230]}
wolves,{1: [678]}
talk,"{1: [741, 883]}"
exclusive,{1: [1568]}
fronts,{1: [629]}
calloused,{1: [778]}
gradual,{1: [98]}
midnight,{1: [1445]}
years,"{1: [240, 274, 329, 451, 778, 781, 918, 1202, 1263, 1290, 1347, 1437, 1447]}"
furnishes,{1: [441]}
course,"{1: [770, 835, 1327]}"
still,"{1: [398, 399, 720, 952, 1244, 1455, 1464]}"
avid,{1: [622]}
derive,{1: [694]}
group,"{1: [138, 141, 338, 482, 678, 761]}"
despotic,{1: [658]}
wallace,"{1: [53, 92, 118, 119, 148, 175, 779, 915, 1431]}"
apex,{1: [579]}
interesting,"{1: [875, 1185]}"
amazing,{1: [157]}
aviv,{1: [340]}
covertly,{1: [18]}
suspicion,"{1: [436, 491]}"
constitutes,"{1: [257, 1552]}"
policy,"{1: [119, 121, 122, 122, 124, 124, 215]}"
main,{1: [616]}
decades,{1: [109]}
aliens,{1: [829]}
feats,{1: [577]}
correspondence,{1: [1517]}
finance,{1: [1181]}
thereby,{1: [649]}
views,{1: [629]}
nation,"{1: [101, 462, 491, 656, 717, 724, 733, 774, 777, 807, 812, 849, 853, 868, 909, 1467]}"
interview,"{1: [11, 88, 120, 129, 148, 158, 176, 199, 608, 668, 780, 846, 846, 873, 920, 928, 934, 937, 946, 963, 1090, 1242, 1286, 1388, 1412]}"
compelled,{1: [200]}
dollars,"{1: [236, 244]}"
killed,"{1: [149, 155, 156, 478, 1027, 1034, 1435]}"
maintaining,{1: [442]}
possess,{1: [493]}
term,"{1: [213, 510, 687]}"
equality,"{1: [644, 648, 648]}"
name,"{1: [12, 168, 506, 869, 1570, 1576, 1578]}"
commercialized,{1: [455]}
james,{1: [1227]}
realistic,{1: [218]}
veins,{1: [1464]}
entirely,"{1: [1063, 1366, 1375]}"
quarter,{1: [1029]}
neutered,{1: [562]}
edify,{1: [745]}
whosoever,{1: [904]}
receipt,{1: [1507]}
treacherous,{1: [141]}
yeah,{1: [997]}
ec,{1: [1561]}
year,"{1: [174, 1047, 1378]}"
eu,{1: [1559]}
vociferously,{1: [246]}
tried,{1: [974]}
exclamation,{1: [977]}
constitution,{1: [856]}
ultimately,"{1: [519, 644]}"
accomplish,"{1: [405, 1289]}"
opened,{1: [1162]}
profit,"{1: [1393, 1553]}"
inadequacy,{1: [140]}
increase,"{1: [390, 585, 592, 597, 599]}"
contained,{1: [1508]}
investigation,{1: [159]}
imperative,{1: [215]}
internet,{1: [1567]}
churches,"{1: [659, 1174, 1233, 1251, 1253, 1439, 1440, 1453]}"
receiving,"{1: [604, 615, 1554]}"
correct,{1: [1394]}
attended,{1: [1325]}
prostitutes,{1: [463]}
million,"{1: [323, 478, 864, 940, 1012, 1030, 1034, 1380]}"
quite,"{1: [112, 246, 447, 1006]}"
prostituted,{1: [812]}
california,{1: [167]}
besides,"{1: [987, 1002]}"
remainder,{1: [668]}
care,{1: [423]}
advance,{1: [1547]}
training,{1: [450]}
workmanship,{1: [697]}
language,{1: [203]}
ministry,{1: [1446]}
impose,{1: [490]}
british,{1: [1322]}
honest,"{1: [946, 1406]}"
thing,"{1: [40, 254, 275, 548, 549, 719]}"
place,"{1: [425, 623, 647, 731]}"
invitation,{1: [827]}
think,"{1: [122, 200, 369, 899, 992, 998, 1002, 1019, 1131, 1193, 1402]}"
first,"{1: [227, 535, 716, 815, 935]}"
origin,{1: [1268]}
benefited,{1: [685]}
pick,{1: [955]}
spoken,"{1: [139, 845]}"
reprisal,{1: [746]}
one,"{1: [86, 88, 108, 136, 182, 193, 240, 320, 329, 376, 445, 453, 492, 512, 514, 577, 616, 629, 645, 705, 705, 719, 724, 782, 828, 901, 906, 1006, 1080, 1181, 1225, 1225, 1288, 1300, 1360, 1366, 1367, 1433, 1445, 1448, 1488, 1517]}"
americans,"{1: [95, 96, 109, 126, 237, 891, 900, 908, 909, 1193, 1465, 1466, 1487]}"
submit,{1: [97]}
periodical,{1: [750]}
impossible,"{1: [1570, 1578]}"
drove,"{1: [281, 453]}"
open,"{1: [186, 751, 827, 833]}"
george,{1: [118]}
tares,"{1: [1333, 1334, 1336]}"
millions,"{1: [236, 1249, 1465]}"
city,{1: [393]}
given,"{1: [312, 622, 967, 993, 1406]}"
truthfully,"{1: [773, 1417]}"
silent,"{1: [545, 548, 556]}"
breed,{1: [1144]}
dawns,{1: [664]}
anyone,"{1: [164, 256, 294, 639, 879, 1503]}"
lobbyists,{1: [240]}
articles,{1: [1574]}
white,"{1: [13, 158, 617, 630, 630, 633, 657, 683, 756, 918, 967, 1071, 1075, 1088, 1143, 1180, 1203, 1294, 1367, 1453]}"
exerted,{1: [761]}
speaking,"{1: [980, 1398]}"
authorized,{1: [1546]}
hue,{1: [548]}
eyes,"{1: [132, 186, 751, 833, 1162]}"
privately,{1: [928]}
taxation,{1: [1449]}
heritage,"{1: [882, 1325]}"
proving,"{1: [406, 1258]}"
accurately,{1: [773]}
broadcast,{1: [1574]}
released,"{1: [361, 934]}"
ridiculous,{1: [394]}
fooled,{1: [358]}
occurring,"{1: [722, 825]}"
grunt,{1: [540]}
undoubtedly,"{1: [160, 376]}"
infiltrate,{1: [1343]}
population,"{1: [390, 820]}"
television,"{1: [360, 394, 537, 553]}"
rhetorical,{1: [1332]}
accordance,"{1: [658, 1553]}"
require,{1: [965]}
seminaries,{1: [615]}
r,"{1: [210, 218, 223, 237, 265, 343, 352, 370, 395, 403, 414, 957, 963, 967, 972, 977, 982, 986, 987, 992, 997, 1002, 1008, 1015, 1019, 1025, 1032, 1039, 1054, 1058, 1062, 1071, 1079, 1088, 1095, 1101, 1105, 1109, 1114, 1118, 1123, 1129, 1134, 1139, 1143, 1149, 1158, 1166, 1187, 1192, 1201, 1207, 1212, 1219, 1224, 1241, 1247, 1261, 1266, 1270, 1272, 1280, 1282, 1283, 1286, 1288, 1298, 1300, 1304, 1307, 1319, 1324, 1330, 1340, 1345, 1356, 1360, 1366, 1373, 1391, 1396, 1400, 1406]}"
sonne,{1: [327]}
fruits,{1: [688]}
miles,{1: [1258]}
gigantic,{1: [1277]}
selfsacrifice,{1: [671]}
russia,"{1: [312, 319, 324]}"
gathering,{1: [213]}
sumptuous,{1: [442]}
topics,{1: [1574]}
confessed,{1: [807]}
turned,"{1: [955, 1131, 1416]}"
say,"{1: [146, 228, 229, 315, 319, 1023, 1089, 1176, 1176, 1239, 1239, 1248, 1366, 1403, 1403]}"
conspiracy,"{1: [182, 193, 811, 820, 880]}"
saw,{1: [1258]}
prosperity,"{1: [598, 693]}"
aside,{1: [120]}
shocked,"{1: [179, 590]}"
instructed,{1: [36]}
note,"{1: [119, 512, 514]}"
phillips,{1: [1230]}
emphasis,"{1: [44, 925]}"
take,"{1: [512, 518, 688, 694, 731, 844, 1043, 1064, 1073, 1331, 1345]}"
destroy,"{1: [351, 354, 355, 880, 891, 1192, 1210, 1222]}"
deut,{1: [871]}
heal,{1: [871]}
channel,{1: [660]}
begin,{1: [337]}
sure,"{1: [997, 1029, 1054, 1354, 1366]}"
norman,{1: [1232]}
normal,{1: [1581]}
price,"{1: [598, 1171]}"
knew,"{1: [186, 873, 1269]}"
betrayal,{1: [180]}
woodrow,{1: [112]}
retaliate,{1: [1389]}
invoked,{1: [1566]}
printed,"{1: [757, 1090]}"
remarks,{1: [789]}
america,"{1: [38, 123, 137, 513, 519, 621, 632, 722, 732, 764, 796, 838, 892, 924, 1042, 1208, 1443, 1465]}"
pages,"{1: [1489, 1503]}"
especially,"{1: [24, 164, 202, 250, 488, 729]}"
later,"{1: [73, 538]}"
drive,{1: [90]}
ways,"{1: [13, 26, 27, 260, 500, 617, 870, 902]}"
slaves,{1: [551]}
understandable,"{1: [1182, 1436]}"
senior,{1: [54]}
jewry,"{1: [17, 26, 205, 402, 426, 1295, 1448]}"
laws,"{1: [658, 1040, 1042]}"
perpetrated,{1: [1470]}
brainchild,{1: [575]}
show,"{1: [448, 745, 834, 1374, 1382]}"
cheat,{1: [1052]}
circulating,"{1: [836, 940]}"
pursuant,{1: [124]}
trod,{1: [1269]}
discovered,"{1: [647, 718, 809]}"
bright,{1: [239]}
copyrighted,"{1: [1545, 1552, 1561, 1584]}"
unfolds,{1: [845]}
realizing,{1: [653]}
specifically,{1: [1545]}
title,"{1: [935, 1553]}"
saints,{1: [20]}
state,"{1: [159, 214, 234, 355, 393, 406, 1440]}"
going,"{1: [295, 408, 778, 998, 1071, 1129, 1290, 1292, 1335]}"
black,"{1: [393, 397, 398, 1438]}"
inventions,{1: [684]}
dispute,{1: [955]}
ranking,"{1: [89, 183]}"
presbyterian,{1: [1315]}
get,"{1: [245, 287, 444, 445, 445, 687, 692, 720, 720, 741, 817, 864, 1079, 1084, 1307]}"
assistant,"{1: [88, 149, 182]}"
samuel,{1: [576]}
begging,{1: [461]}
soon,"{1: [732, 1291]}"
grave,"{1: [1264, 1266]}"
cannot,"{1: [397, 618, 734, 839, 1152, 1361, 1396]}"
infallible,{1: [1367]}
prided,{1: [786]}
treachery,"{1: [782, 798, 1432]}"
justified,"{1: [1571, 1577]}"
prime,{1: [227]}
reveal,{1: [667]}
parasitic,{1: [444]}
borrow,"{1: [436, 437]}"
stupid,"{1: [202, 540, 599, 1180, 1215, 1290, 1330, 1330]}"
source,"{1: [1253, 1570, 1575, 1577]}"
uncover,"{1: [358, 811]}"
silently,{1: [1044]}
declared,{1: [1452]}
honesty,{1: [944]}
physically,{1: [689]}
actively,{1: [230]}
college,{1: [166]}
existence,"{1: [440, 485]}"
aroused,"{1: [760, 1221]}"
encouraged,{1: [920]}
surfaces,{1: [961]}
permeates,"{1: [682, 714]}"
israeli,"{1: [150, 215]}"
satisfying,{1: [687]}
enlightening,{1: [430]}
zionistcommunist,{1: [122]}
federal,"{1: [505, 512, 526, 587, 735, 1194]}"
review,{1: [743]}
definite,{1: [707]}
representatives,"{1: [413, 467]}"
behind,{1: [133]}
surfaced,{1: [202]}
enjoys,{1: [882]}
reading,"{1: [1088, 1156]}"
across,{1: [729]}
notice,"{1: [656, 1543]}"
jobs,{1: [830]}
august,"{1: [53, 150]}"
useful,{1: [1213]}
marvin,{1: [1229]}
aryans,{1: [437]}
crucified,"{1: [269, 271, 271]}"
jr,"{1: [13, 918]}"
latin,{1: [1501]}
reigns,{1: [132]}
nationality,{1: [1320]}
come,"{1: [31, 431, 441, 538, 829]}"
stages,{1: [946]}
many,"{1: [23, 186, 192, 194, 228, 292, 333, 372, 486, 614, 628, 777, 874, 1026, 1026, 1030, 1063, 1065, 1150, 1151, 1156, 1239, 1263, 1276, 1306, 1314, 1356, 1426]}"
according,"{1: [556, 556, 1256]}"
dues,{1: [230]}
somewhere,"{1: [1026, 1097]}"
senator,"{1: [149, 171, 916, 1141]}"
expression,"{1: [255, 360, 1537]}"
comes,"{1: [182, 634, 719, 864, 1214]}"
skyjacking,"{1: [150, 155]}"
among,"{1: [373, 403, 432, 466, 485, 486, 1005, 1378]}"
color,{1: [1426]}
satisfaction,"{1: [691, 701]}"
exploit,{1: [755]}
anti,{1: [256]}
approval,"{1: [109, 788, 1056]}"
bizarre,{1: [1448]}
turkey,"{1: [58, 150]}"
destroyed,"{1: [1074, 1334]}"
lifes,{1: [143]}
airliner,{1: [150]}
carey,{1: [65]}
mark,{1: [166]}
jerks,{1: [316]}
peaceful,{1: [283]}
borders,{1: [357]}
marx,"{1: [576, 612]}"
disclosed,{1: [1351]}
wants,{1: [1503]}
direction,{1: [310]}
educated,{1: [351]}
frontiers,{1: [1539]}
offered,{1: [268]}
observe,{1: [585]}
minister,{1: [227]}
declaration,"{1: [1509, 1512, 1513, 1524, 1533]}"
former,"{1: [227, 786, 915]}"
captivity,{1: [869]}
sound,{1: [1217]}
isabella,{1: [1160]}
developing,{1: [537]}
prominence,{1: [393]}
tragedy,"{1: [165, 412]}"
mightier,{1: [741]}
editorial,{1: [753]}
newspaper,"{1: [103, 104]}"
shouting,{1: [1272]}
ive,"{1: [222, 967, 979, 992, 1062, 1069, 1143, 1294, 1351, 1406]}"
middle,{1: [351]}
evening,"{1: [176, 177]}"
converts,{1: [1316]}
minds,"{1: [713, 745]}"
somebody,{1: [1033]}
wisely,{1: [1150]}
movements,"{1: [729, 761]}"
different,"{1: [320, 488, 1062, 1063, 1063, 1114, 1347, 1366, 1500]}"
synagogue,"{1: [621, 1047, 1325]}"
verified,{1: [1332]}
author,"{1: [1474, 1481, 1496]}"
media,"{1: [102, 103, 103, 104, 123, 360, 537, 613, 660, 735, 755, 787, 812, 925, 1034, 1225, 1226, 1538]}"
archive,{1: [1508]}
followers,{1: [374]}
document,"{1: [195, 840, 842, 850, 875, 1045, 1508]}"
events,{1: [1577]}
status,{1: [472]}
centuries,"{1: [1064, 1150, 1361]}"
mockery,{1: [120]}
enjoyment,{1: [694]}
refusal,{1: [1467]}
siegel,{1: [99]}
producers,"{1: [604, 689]}"
annulled,{1: [1052]}
running,"{1: [416, 828]}"
prospered,{1: [517]}
driven,"{1: [1151, 1461]}"
intended,"{1: [1307, 1446, 1567]}"
totally,{1: [1193]}
christoriented,{1: [265]}
modes,{1: [18]}
revelations,{1: [842]}
constitutional,{1: [124]}
severe,{1: [584]}
without,"{1: [24, 101, 109, 227, 285, 769, 788, 1192, 1538, 1553]}"
reward,{1: [864]}
amazed,"{1: [95, 615, 730]}"
yearly,{1: [236]}
knowledgeable,{1: [201]}
guided,{1: [898]}
exaggerating,{1: [1026]}
rest,"{1: [762, 1080]}"
disperse,{1: [678]}
aspect,"{1: [435, 925]}"
minimized,{1: [1438]}
guys,{1: [255]}
underline,{1: [44]}
captured,{1: [101]}
statesmen,{1: [1065]}
comnnnniuinisinn,{1: [327]}
death,"{1: [174, 670, 677, 842]}"
hint,{1: [162]}
thinking,"{1: [307, 362, 425, 555, 556, 1062]}"
seems,"{1: [144, 156, 668, 724, 965]}"
except,"{1: [618, 643, 883]}"
instrument,{1: [1461]}
lets,"{1: [245, 987, 1307, 1454]}"
struck,{1: [862]}
kingdom,"{1: [267, 268, 282]}"
moneychanging,{1: [821]}
jake,"{1: [1105, 1107, 1109, 1139, 1247]}"
zion,{1: [228]}
around,"{1: [223, 274, 778, 920, 936, 1291, 1427]}"
rules,{1: [441]}
admitting,{1: [92]}
early,{1: [434]}
inflation,"{1: [583, 585]}"
world,"{1: [17, 26, 27, 38, 59, 138, 182, 186, 193, 204, 205, 223, 243, 301, 315, 359, 381, 386, 402, 409, 409, 434, 442, 450, 519, 632, 684, 701, 812, 814, 828, 830, 839, 879, 892, 924, 961, 998, 1029, 1032, 1135, 1166, 1167, 1169, 1177, 1183, 1229, 1249, 1294, 1343, 1351, 1382, 1456]}"
accepted,{1: [232]}
dare,{1: [1293]}
ruled,"{1: [563, 662, 740]}"
maintained,{1: [1509]}
miracle,{1: [816]}
benefit,"{1: [123, 672, 683, 692, 1161]}"
either,{1: [1079]}
fully,{1: [1174]}
reduced,{1: [648]}
twelve,{1: [1513]}
falsehood,{1: [718]}
jews,"{1: [5, 18, 23, 95, 105, 113, 131, 133, 205, 214, 222, 228, 229, 232, 233, 246, 249, 255, 256, 257, 257, 259, 264, 267, 268, 271, 275, 281, 282, 283, 292, 299, 301, 306, 306, 307, 307, 312, 315, 318, 321, 324, 325, 338, 355, 356, 358, 373, 394, 401, 403, 424, 431, 434, 438, 445, 447, 452, 467, 471, 474, 478, 482, 486, 491, 500, 517, 545, 575, 599, 617, 620, 627, 647, 657, 676, 679, 686, 791, 793, 798, 802, 805, 807, 809, 812, 892, 901, 913, 923, 948, 949, 961, 1012, 1025, 1026, 1030, 1033, 1052, 1054, 1098, 1116, 1134, 1134, 1150, 1153, 1161, 1162, 1166, 1167, 1169, 1170, 1170, 1172, 1173, 1179, 1180, 1232, 1254, 1263, 1268, 1316, 1338, 1351, 1360, 1361, 1364, 1371, 1373, 1378, 1379, 1382, 1383, 1393, 1396, 1398, 1400, 1417, 1420]}"
exposed,{1: [608]}
brith,"{1: [242, 244]}"
exposes,{1: [635]}
loyalty,{1: [907]}
respect,"{1: [174, 1145, 1252]}"
racial,"{1: [435, 648, 1362]}"
intact,{1: [853]}
thinks,{1: [1089]}
provided,"{1: [552, 1552]}"
passions,{1: [760]}
confirm,{1: [668]}
teachings,"{1: [443, 615]}"
sulzberger,{1: [1231]}
recorded,"{1: [148, 847, 929, 1131]}"
charlatans,{1: [463]}
provides,"{1: [1563, 1568]}"
recorder,{1: [955]}
propagating,{1: [616]}
heiskell,{1: [1229]}
wheat,"{1: [1334, 1335]}"
scientific,"{1: [1547, 1569]}"
power,"{1: [109, 309, 472, 498, 500, 503, 504, 528, 616, 661, 698, 761, 763, 764, 765, 788, 793, 793, 908]}"
pouring,{1: [177]}
ruining,{1: [1467]}
broken,{1: [177]}
despicable,{1: [1297]}
leadership,"{1: [769, 1169]}"
parishioners,{1: [645]}
refers,"{1: [123, 657]}"
stone,"{1: [968, 1229]}"
subdued,{1: [826]}
preoccupied,{1: [756]}
mossad,{1: [57]}
smear,{1: [255]}
industry,"{1: [536, 537, 550, 551, 568, 571, 578, 587, 589, 591, 598, 613]}"
discussed,"{1: [393, 412]}"
ideology,{1: [671]}
stand,"{1: [579, 865, 1454]}"
oy,"{1: [1308, 1308, 1308]}"
act,"{1: [41, 185, 720, 833]}"
mixed,{1: [1202]}
bond,"{1: [1362, 1362]}"
detente,{1: [125]}
annenberg,{1: [1231]}
utterly,{1: [1334]}
whites,{1: [846]}
communication,"{1: [316, 731, 925, 1566, 1568, 1573]}"
blessed,{1: [685]}
persecution,"{1: [1170, 1443]}"
rising,{1: [280]}
financial,"{1: [223, 634]}"
jerusalem,{1: [1269]}
breath,"{1: [645, 646]}"
prepare,{1: [441]}
area,{1: [358]}
philadelphia,{1: [166]}
stark,{1: [782]}
christianity,"{1: [99, 250, 367, 370, 382, 451, 452, 1235, 1250, 1393, 1449, 1452]}"
start,{1: [967]}
lot,"{1: [677, 1088]}"
hysterical,{1: [849]}
rallied,{1: [753]}
complete,"{1: [205, 362, 642, 944, 1176, 1176, 1214, 1234]}"
enough,"{1: [165, 241, 245, 761, 993, 1183, 1346]}"
regard,"{1: [447, 1092]}"
delayed,{1: [175]}
amongst,{1: [1566]}
promote,{1: [131]}
longer,{1: [1317]}
fraud,{1: [1251]}
circulation,"{1: [750, 814]}"
monopoly,"{1: [536, 853]}"
pitting,"{1: [573, 798]}"
hardly,{1: [1252]}
grasp,{1: [837]}
politically,{1: [655]}
beliefs,{1: [1063]}
strongly,{1: [724]}
gone,"{1: [486, 1129]}"
laugh,{1: [1380]}
required,{1: [770]}
money,"{1: [241, 405, 405, 498, 504, 518, 519, 528, 528, 586, 652, 698, 793, 793, 885, 886, 1071, 1080, 1084, 1095, 1194, 1213, 1213, 1213, 1241, 1411]}"
migrate,{1: [228]}
certain,"{1: [17, 620, 1562, 1580]}"
arabs,{1: [281]}
censor,{1: [361]}
deep,{1: [1470]}
general,"{1: [718, 735]}"
imagination,"{1: [191, 194]}"
together,"{1: [927, 1467]}"
politics,{1: [460]}
incorrect,{1: [1250]}
istanbul,"{1: [57, 150, 160]}"
asiatics,{1: [1257]}
novice,{1: [431]}
bragging,{1: [1443]}
erase,{1: [1325]}
heathen,{1: [737]}
babylon,"{1: [21, 455, 1178, 1180]}"
thousand,{1: [1169]}
briefly,{1: [986]}
congress,"{1: [243, 735, 754]}"
students,{1: [1378]}
includes,"{1: [1528, 1537]}"
important,"{1: [35, 405, 839, 1006, 1019, 1023, 1069, 1291, 1488]}"
included,{1: [1554]}
stocks,{1: [525]}
building,{1: [284]}
sewed,{1: [1233]}
calls,"{1: [333, 1300]}"
readership,{1: [939]}
groom,{1: [821]}
dramatic,{1: [1375]}
u,{1: [329]}
treason,{1: [953]}
original,{1: [45]}
represent,{1: [578]}
forget,{1: [1407]}
founder,"{1: [451, 452]}"
beware,{1: [709]}
lack,"{1: [439, 1279]}"
dollar,"{1: [512, 513]}"
founded,{1: [1250]}
follow,{1: [868]}
religious,"{1: [437, 438, 447, 449, 468, 468, 482, 487, 661, 1453, 1574]}"
children,"{1: [27, 28, 626, 1334]}"
causes,"{1: [585, 627]}"
disciples,{1: [280]}
forte,{1: [1367]}
tv,"{1: [1231, 1232]}"
subjected,{1: [1517]}
removal,{1: [340]}
nonjews,{1: [185]}
protocols,"{1: [876, 876]}"
th,"{1: [170, 1226]}"
pledges,{1: [1051]}
activities,"{1: [231, 585]}"
woman,{1: [838]}
returned,{1: [241]}
confidential,"{1: [88, 158]}"
returning,{1: [280]}
far,"{1: [486, 746, 885]}"
standards,{1: [1374]}
translations,"{1: [1250, 1252]}"
parasites,"{1: [603, 689, 802]}"
worst,{1: [901]}
fall,{1: [1439]}
difference,"{1: [1034, 1065, 1261, 1264, 1264, 1266, 1272, 1278]}"
heaven,{1: [870]}
dictatorship,{1: [825]}
benevolent,"{1: [651, 658]}"
debtfree,{1: [594]}
list,"{1: [1563, 1566]}"
reminding,"{1: [378, 402]}"
intimidate,{1: [755]}
small,"{1: [23, 408, 761, 1171]}"
exemptions,"{1: [1563, 1566, 1567, 1580]}"
employing,{1: [574]}
tel,{1: [340]}
past,"{1: [375, 743, 918]}"
pass,{1: [868]}
nbc,{1: [1228]}
conscience,{1: [1528]}
abc,{1: [1226]}
stood,{1: [1464]}
darkness,{1: [1445]}
section,"{1: [1552, 1553]}"
associate,{1: [1109]}
emotions,{1: [554]}
prevailed,{1: [141]}
pulpit,{1: [652]}
fractional,{1: [526]}
learned,"{1: [13, 876, 1327, 1361]}"
method,{1: [517]}
movement,{1: [574]}
revealing,"{1: [11, 1485]}"
christian,"{1: [18, 30, 39, 95, 98, 264, 374, 614, 618, 621, 628, 652, 723, 852, 880, 882, 884, 974, 1253, 1316]}"
answers,"{1: [1090, 1406]}"
hours,"{1: [136, 140, 608, 735]}"
november,{1: [53]}
strong,"{1: [240, 763]}"
christs,"{1: [25, 267, 281, 901]}"
search,{1: [357]}
bible,"{1: [618, 657, 1251]}"
ahead,{1: [1000]}
outgrowth,"{1: [382, 1025]}"
allows,"{1: [826, 1047, 1052]}"
prior,"{1: [512, 1554]}"
airport,{1: [160]}
advertising,{1: [105]}
social,"{1: [38, 1547]}"
action,"{1: [770, 818, 835]}"
point,"{1: [626, 1064]}"
via,{1: [1449]}
family,"{1: [164, 1232, 1373, 1376, 1517]}"
ask,{1: [1224]}
toys,{1: [133]}
establish,"{1: [425, 505, 1374]}"
readily,{1: [525]}
recurrence,{1: [744]}
eye,{1: [284]}
takes,{1: [322]}
distinct,"{1: [319, 467, 491]}"
revelation,"{1: [20, 737]}"
contains,"{1: [11, 1500, 1501, 1545]}"
two,"{1: [319, 577, 937, 940, 1005, 1567]}"
taken,{1: [1045]}
dissatisfied,{1: [700]}
horses,{1: [417]}
thrown,{1: [744]}
israel,"{1: [214, 223, 228, 236, 244, 406, 407]}"
door,{1: [731]}
knows,{1: [113]}
staggering,{1: [1437]}
leonard,{1: [1226]}
permit,{1: [1467]}
controlling,"{1: [535, 551]}"
broke,{1: [1029]}
particular,{1: [484]}
known,"{1: [204, 781, 1143, 1180, 1221, 1432]}"
producing,"{1: [98, 694]}"
cunning,"{1: [27, 251, 1342]}"
evolves,{1: [450]}
none,"{1: [364, 909, 1334, 1335, 1382]}"
science,{1: [1066]}
roosevelt,"{1: [110, 111, 111]}"
pawns,"{1: [463, 700]}"
remain,"{1: [143, 549, 557, 598, 690]}"
nebraska,{1: [1445]}
clergy,{1: [645]}
learn,"{1: [751, 897, 1407]}"
history,"{1: [271, 629, 743, 745, 752, 760, 960, 998, 1066, 1448, 1486]}"
compare,{1: [382]}
stated,"{1: [39, 106, 176, 519, 612, 617, 640, 764, 923]}"
accept,{1: [898]}
states,"{1: [77, 241, 258, 309, 372, 466, 856, 1234, 1377, 1379, 1564]}"
minimum,{1: [489]}
protects,{1: [883]}
numbers,{1: [763]}
sense,"{1: [136, 140, 489]}"
terrestrial,{1: [440]}
information,"{1: [177, 815, 993, 1538, 1554, 1555, 1563]}"
court,{1: [1440]}
goal,{1: [1174]}
drained,{1: [143]}
rather,"{1: [444, 1040]}"
acts,"{1: [719, 1567]}"
hugh,{1: [65]}
conducted,"{1: [12, 158]}"
prejudice,{1: [1582]}
pogrom,{1: [731]}
explains,{1: [444]}
shouldnt,{1: [1345]}
okay,"{1: [1080, 1123]}"
plans,"{1: [162, 194, 725, 827]}"
rude,{1: [929]}
advice,{1: [1167]}
questioning,{1: [930]}
plane,{1: [129]}
director,{1: [918]}
blood,"{1: [138, 143, 752, 1383, 1464, 1470]}"
coming,"{1: [729, 731, 1253, 1452]}"
invasion,{1: [393]}
response,{1: [947]}
criticize,{1: [426]}
subverters,"{1: [828, 854]}"
documentation,{1: [847]}
anytime,{1: [634]}
fundamental,"{1: [716, 1486]}"
pay,"{1: [653, 694, 995]}"
banks,"{1: [588, 589, 1345]}"
pleasure,{1: [553]}
replied,"{1: [210, 223, 237, 288, 343, 352, 379, 395, 403, 510, 1418]}"
help,"{1: [42, 233, 816, 818, 854, 1351, 1502]}"
developed,{1: [438]}
closeness,{1: [1382]}
mission,{1: [281]}
attitude,"{1: [459, 682, 693]}"
paper,"{1: [508, 516, 517, 518, 528]}"
committee,{1: [169]}
hell,"{1: [212, 416, 992, 1129, 1272]}"
suffer,{1: [1408]}
arrogant,"{1: [1276, 1425]}"
rooted,{1: [671]}
discloses,{1: [191]}
mistreated,{1: [275]}
chants,{1: [541]}
inward,{1: [707]}
actually,"{1: [180, 590, 961, 1114, 1324, 1356]}"
late,"{1: [136, 374, 1283]}"
resort,{1: [363]}
edmund,{1: [39]}
stephen,{1: [331]}
might,"{1: [154, 363, 391, 435, 780, 818, 876, 1110, 1214]}"
boastings,"{1: [919, 1438]}"
ally,{1: [1466]}
good,"{1: [40, 416, 1241, 1406]}"
return,"{1: [213, 228, 518, 1215]}"
generously,{1: [1181]}
seeking,"{1: [267, 701]}"
number,"{1: [23, 706, 831, 944, 1026, 1033, 1033]}"
instructions,"{1: [341, 442]}"
mystery,"{1: [21, 1180]}"
easily,"{1: [179, 432, 563, 662, 740]}"
always,"{1: [232, 454, 633, 657, 690, 691, 701, 742, 763, 1161, 1168, 1328, 1545]}"
instruct,{1: [645]}
someone,{1: [1026]}
stopped,{1: [753]}
die,"{1: [672, 672, 1177, 1181]}"
found,"{1: [25, 180, 453, 1046, 1393]}"
shocking,"{1: [11, 194, 782, 842, 1432, 1436]}"
button,{1: [627]}
referred,"{1: [20, 203]}"
harm,{1: [887]}
everyone,"{1: [113, 1520, 1528, 1537]}"
england,"{1: [631, 631]}"
bnai,"{1: [242, 244]}"
generation,"{1: [28, 1022]}"
hundred,{1: [1290]}
reduce,{1: [820]}
idea,"{1: [437, 437, 545, 676]}"
exorbitant,{1: [654]}
expect,{1: [961]}
beyond,"{1: [439, 1072, 1584]}"
insurance,{1: [526]}
sociallabor,{1: [574]}
really,"{1: [312, 315, 357, 1103, 1247, 1469]}"
inquired,{1: [217]}
funding,{1: [243]}
blacks,"{1: [389, 390, 394, 1202, 1205, 1208]}"
solved,"{1: [520, 745]}"
since,"{1: [110, 111, 148, 174, 214, 231, 506, 577, 581, 584, 596, 670, 677, 742, 850, 916, 934, 1253, 1566]}"
publish,{1: [742]}
research,"{1: [402, 1256, 1554, 1569]}"
lucifer,"{1: [5, 913, 949, 950, 1421, 1421]}"
safety,{1: [552]}
print,{1: [106]}
issue,"{1: [125, 131, 131, 132, 212, 640, 945]}"
humble,{1: [869]}
exodus,{1: [725]}
belief,"{1: [428, 439, 800, 1529]}"
lawrence,{1: [1228]}
forgive,{1: [870]}
nationally,{1: [1291]}
reason,"{1: [123, 556, 583, 648, 709, 1072]}"
base,"{1: [409, 579, 1302]}"
conditioning,{1: [543]}
members,"{1: [164, 354, 355, 639]}"
imagine,{1: [843]}
put,"{1: [131, 374, 719, 909, 1319]}"
deputies,{1: [1444]}
beginning,"{1: [122, 811, 813, 1143, 1307]}"
kol,"{1: [1045, 1046]}"
revolutionary,"{1: [140, 631]}"
definition,{1: [229]}
benefits,{1: [301]}
cremated,{1: [1012]}
persuading,{1: [467]}
diaspora,{1: [213]}
american,"{1: [89, 121, 124, 131, 133, 143, 169, 228, 236, 244, 265, 732, 740, 756, 791, 826, 1182, 1283, 1448, 1453, 1469]}"
expecting,{1: [1197]}
w,"{1: [168, 168, 179, 957, 960, 965, 974, 979, 984, 990, 995, 1000, 1005, 1012, 1017, 1022, 1029, 1037, 1042, 1056, 1060, 1069, 1077, 1082, 1092, 1097, 1103, 1107, 1112, 1116, 1120, 1127, 1131, 1137, 1141, 1147, 1156, 1160, 1185, 1190, 1197, 1203, 1205, 1210, 1217, 1221, 1239, 1244, 1256, 1263, 1268, 1276, 1285, 1297, 1302, 1306, 1314, 1322, 1327, 1338, 1342, 1354, 1358, 1364, 1371, 1388, 1393, 1398, 1402, 1411]}"
omits,{1: [904]}
fallen,"{1: [96, 538]}"
grossman,{1: [1228]}
copper,{1: [516]}
major,"{1: [15, 471]}"
mr,"{1: [13, 31, 92, 101, 108, 112, 118, 139, 148, 154, 157, 210, 218, 223, 237, 249, 265, 343, 352, 370, 395, 402, 414, 431, 500, 510, 559, 570, 608, 640, 656, 666, 773, 786, 789, 813, 844, 873, 919, 923, 925, 927, 928, 929, 943, 945, 960, 987, 1005, 1022, 1039, 1042, 1092, 1103, 1192, 1197, 1270, 1280, 1283, 1286, 1298, 1307, 1388, 1411, 1438]}"
jayits,{1: [916]}
dont,"{1: [246, 274, 292, 292, 292, 308, 423, 425, 590, 619, 1002, 1019, 1019, 1054, 1079, 1079, 1088, 1089, 1090, 1121, 1123, 1131, 1141, 1248, 1282, 1319, 1368, 1391, 1406, 1407]}"
simply,{1: [635]}
feel,"{1: [287, 1316, 1400]}"
waged,{1: [20]}
obedience,{1: [821]}
done,"{1: [275, 401, 508, 1225]}"
spiritually,{1: [690]}
says,"{1: [866, 890, 986]}"
wages,"{1: [574, 582]}"
guess,"{1: [274, 1134]}"
jew,"{1: [11, 13, 30, 90, 92, 114, 161, 162, 229, 397, 399, 476, 521, 612, 619, 734, 736, 765, 786, 815, 820, 827, 879, 881, 883, 884, 885, 890, 893, 1051, 1127, 1245, 1249, 1293, 1314, 1316, 1317, 1327, 1328, 1331, 1381, 1469]}"
introduction,{1: [9]}
regulation,"{1: [575, 1449]}"
least,{1: [1293]}
philanthropy,{1: [59]}
assumption,{1: [232]}
statement,"{1: [31, 92]}"
rates,{1: [654]}
conspirators,{1: [884]}
passed,"{1: [174, 643]}"
pump,{1: [967]}
mentality,{1: [450]}
interviewed,{1: [927]}
part,"{1: [86, 181, 726, 733, 787, 811, 936, 937, 938, 939, 940, 948, 1277, 1294, 1338]}"
doctors,"{1: [1173, 1377]}"
believe,"{1: [486, 670, 716, 813, 1066, 1103, 1121, 1123, 1127, 1135, 1187, 1245, 1249, 1250, 1286, 1286, 1289, 1403, 1406, 1552]}"
kind,"{1: [283, 285, 287, 313, 439, 448, 449, 1097, 1144, 1145, 1147, 1379]}"
grew,"{1: [1033, 1248]}"
inducted,{1: [1043]}
bondage,{1: [893]}
ungodly,{1: [26]}
utopia,{1: [594]}
determined,{1: [1449]}
contrary,{1: [493]}
uncanny,{1: [449]}
elaborate,{1: [197]}
businesslike,{1: [975]}
footnote,{1: [45]}
organisations,{1: [243]}
shrewd,{1: [27]}
headings,{1: [1501]}
concentration,{1: [349]}
confirms,"{1: [760, 875]}"
orders,{1: [322]}
karl,"{1: [575, 612]}"
lie,"{1: [623, 716, 807, 1017, 1023, 1035, 1052, 1067, 1263, 1391]}"
wilson,"{1: [112, 113]}"
built,"{1: [284, 1252]}"
self,"{1: [676, 676, 687]}"
officers,{1: [356]}
majority,"{1: [417, 545, 548, 549, 762, 796, 855, 1268, 1398]}"
costs,{1: [587]}
build,"{1: [233, 408, 652]}"
universities,{1: [1345]}
instigator,{1: [879]}
added,"{1: [44, 45, 1308]}"
warnings,{1: [898]}
quote,"{1: [419, 915]}"
reach,"{1: [361, 1224]}"
plan,"{1: [204, 294, 504, 506, 529, 794, 868, 1169]}"
significant,{1: [93]}
position,{1: [908]}
nothing,"{1: [40, 161, 195, 244, 348, 381, 381, 587, 588, 590, 596, 882, 1171, 1331, 1347, 1356, 1400]}"
wisdom,{1: [773]}
approved,{1: [1440]}
appear,"{1: [154, 160]}"
forgets,{1: [904]}
omaha,{1: [1445]}
clear,"{1: [246, 264, 430]}"
cover,{1: [1566]}
rockefeller,{1: [58]}
traditional,{1: [212]}
unreasonably,{1: [1581]}
institutions,{1: [660]}
lying,"{1: [949, 1421]}"
talmudic,"{1: [98, 409]}"
sarnoff,{1: [1227]}
gold,"{1: [507, 515, 516, 527]}"
obligations,{1: [1051]}
authors,"{1: [1570, 1576, 1578]}"
scattered,{1: [769]}
knowingly,{1: [891]}
carefully,{1: [554]}
find,"{1: [317, 701, 707, 1079, 1185, 1239, 1276, 1334]}"
impact,"{1: [780, 940]}"
northern,{1: [166]}
justice,{1: [1548]}
writer,"{1: [179, 780, 862]}"
distributed,"{1: [817, 1553]}"
freedoms,"{1: [1453, 1453]}"
cassette,{1: [847]}
pretty,"{1: [349, 1110]}"
credulous,{1: [126]}
harmed,{1: [373]}
bernstein,{1: [1230]}
weve,"{1: [437, 1129]}"
triangle,"{1: [577, 579]}"
meanwhile,{1: [158]}
luke,{1: [28]}
obtain,{1: [1584]}
b,{1: [1075]}
pretending,{1: [192]}
reply,"{1: [1121, 1132]}"
docile,"{1: [143, 563]}"
instinctive,{1: [886]}
frightening,{1: [369]}
distraction,{1: [554]}
enemy,"{1: [771, 849, 1452, 1452]}"
sacrificed,{1: [1170]}
cry,{1: [548]}
proclaim,{1: [646]}
sacrifices,{1: [1168]}
banking,{1: [535]}
investigate,{1: [952]}
exercise,{1: [1457]}
wrote,{1: [112]}
duty,"{1: [1042, 1462]}"
set,"{1: [30, 120, 167, 773]}"
signify,{1: [254]}
achieved,"{1: [109, 1571]}"
intelligence,"{1: [192, 494, 1368]}"
potent,{1: [873]}
culture,"{1: [265, 381, 627, 1371, 1373]}"
see,"{1: [121, 132, 282, 287, 356, 757, 1214, 1297, 1437]}"
defense,"{1: [375, 1465]}"
dumb,"{1: [306, 1212]}"
migration,"{1: [220, 223]}"
close,{1: [113]}
arm,{1: [243]}
knees,{1: [105]}
practice,"{1: [240, 413, 655, 1054, 1056, 1342]}"
spirits,{1: [450]}
movie,"{1: [536, 553]}"
consuming,{1: [603]}
please,"{1: [217, 1092, 1141, 1162, 1185]}"
unions,{1: [574]}
smallest,{1: [493]}
various,{1: [462]}
honour,{1: [1518]}
woe,{1: [757]}
probably,{1: [160]}
numerous,{1: [525]}
corruption,{1: [412]}
supposed,"{1: [591, 614]}"
knowing,"{1: [101, 835]}"
candor,{1: [413]}
egotist,"{1: [179, 201]}"
creating,{1: [582]}
dullard,{1: [629]}
intimidated,{1: [294]}
attention,"{1: [435, 580, 837, 850, 1040]}"
denomination,{1: [487]}
incident,"{1: [157, 1360]}"
succeed,{1: [466]}
opposition,"{1: [254, 259, 1380]}"
invisible,"{1: [17, 309, 320, 321, 322, 358, 787, 1294]}"
sheeps,{1: [318]}
last,{1: [109]}
reverse,{1: [245]}
influential,"{1: [13, 786]}"
foreign,"{1: [119, 121, 440, 450, 1183]}"
sensitive,{1: [778]}
connection,{1: [1576]}
became,"{1: [231, 430, 929]}"
whole,"{1: [811, 1221]}"
messiah,{1: [285]}
consume,"{1: [705, 706]}"
duplicity,{1: [1367]}
supply,"{1: [105, 587]}"
simple,{1: [106]}
acted,{1: [39]}
jewishzionists,{1: [825]}
community,"{1: [437, 468, 672, 679]}"
pamphlet,{1: [750]}
agents,"{1: [57, 907]}"
aggressors,"{1: [375, 376]}"
church,"{1: [621, 622, 626, 1345, 1442, 1443, 1446]}"
openness,{1: [413]}
sammy,"{1: [394, 398]}"
throughout,"{1: [185, 315, 386, 386, 714, 818, 839, 923, 1134, 1167, 1343, 1361]}"
along,{1: [1432]}
startling,{1: [390]}
worthless,"{1: [508, 704]}"
devil,"{1: [866, 866]}"
described,{1: [193]}
publishing,"{1: [114, 175]}"
incomes,{1: [697]}
monthly,{1: [918]}
create,"{1: [588, 596, 683, 688, 691, 1178]}"
acceptance,{1: [432]}
political,"{1: [38, 108, 109, 297, 461, 463, 634, 788, 924, 1044, 1547, 1574]}"
appears,"{1: [957, 957]}"
wasnt,"{1: [949, 1421]}"
secret,"{1: [322, 329, 337, 338, 340, 452, 1144]}"
describes,{1: [202]}
damn,"{1: [974, 1002, 1089, 1123, 1304, 1376, 1406]}"
whoswho,{1: [170]}
omniscient,{1: [129]}
meeting,{1: [929]}
walter,"{1: [13, 71, 158, 171, 846, 918, 1231]}"
dialogue,{1: [139]}
boy,{1: [1149]}
fire,{1: [1335]}
honorary,{1: [171]}
cruelty,{1: [201]}
else,"{1: [516, 1089]}"
fund,"{1: [59, 168]}"
whatever,"{1: [979, 1073]}"
races,"{1: [432, 480, 646, 648, 684]}"
lives,{1: [19]}
prices,"{1: [575, 581, 582]}"
resisted,{1: [866]}
stolen,{1: [1194]}
look,"{1: [435, 448, 590]}"
grains,"{1: [513, 515]}"
solid,{1: [1379]}
socialist,{1: [827]}
holocaust,{1: [478]}
governor,{1: [67]}
unclean,{1: [1427]}
receive,"{1: [586, 1538]}"
smart,"{1: [245, 1079, 1110, 1110, 1201]}"
withdrawing,{1: [105]}
guide,{1: [1231]}
theres,{1: [1400]}
real,"{1: [125, 142, 583, 900, 908, 909, 1168, 1213]}"
century,{1: [1226]}
vol,"{1: [162, 521, 619, 765]}"
disappointing,{1: [285]}
rulers,{1: [358]}
reads,{1: [618]}
ready,{1: [1169]}
aspects,"{1: [17, 1562]}"
rid,{1: [770]}
kings,{1: [871]}
exploitation,"{1: [1437, 1581]}"
lengthy,"{1: [148, 176, 837, 846, 929, 934]}"
provisions,{1: [124]}
harmonisation,{1: [1562]}
belong,{1: [487]}
wherein,{1: [217]}
read,"{1: [31, 185, 618, 939, 1292]}"
virtually,{1: [741]}
peoples,{1: [886]}
conflict,"{1: [584, 1581]}"
higher,"{1: [582, 1379]}"
used,"{1: [18, 255, 454, 693, 721, 1210, 1408]}"
temporary,"{1: [553, 1380]}"
affairs,{1: [1183]}
leopard,{1: [1333]}
flows,{1: [1464]}
moment,"{1: [702, 718]}"
levels,{1: [412]}
uses,{1: [736]}
purpose,"{1: [391, 507, 716, 1110, 1205, 1567, 1569, 1571, 1577]}"
necessity,{1: [611]}
talmudicbabylonian,{1: [713]}
infamous,{1: [490]}
recent,{1: [257]}
expend,{1: [596]}
task,"{1: [551, 583]}"
try,"{1: [287, 1210, 1306]}"
cheek,{1: [284]}
anybody,"{1: [249, 1089]}"
obviously,{1: [957]}
person,"{1: [201, 1291, 1314, 1425]}"
ahd,{1: [1226]}
regulating,{1: [443]}
sneered,{1: [120]}
toil,"{1: [552, 564]}"
organization,"{1: [61, 230, 339, 1017]}"
nonjew,"{1: [307, 308]}"
selves,{1: [678]}
lester,{1: [1230]}
openly,"{1: [194, 425, 426]}"
questions,"{1: [944, 1005, 1090, 1407]}"
mob,{1: [659]}
love,"{1: [885, 886, 1202]}"
dishonesty,{1: [251]}
unto,"{1: [757, 867]}"
contradicting,{1: [742]}
tables,{1: [968]}
superficial,{1: [41]}
cut,{1: [1075]}
also,"{1: [58, 69, 394, 408, 621, 788, 871, 1501]}"
hated,{1: [1025]}
eager,{1: [653]}
governmental,"{1: [952, 1461]}"
causing,{1: [699]}
parents,{1: [1374]}
questioned,{1: [500]}
homeland,"{1: [214, 231]}"
impoverished,{1: [633]}
administrative,"{1: [88, 149, 182, 915]}"
surprised,{1: [203]}
chairman,"{1: [1226, 1227, 1229]}"
manage,{1: [586]}
march,{1: [863]}
big,"{1: [807, 1017, 1023, 1033, 1035, 1213, 1263]}"
couple,{1: [1290]}
unlimited,{1: [944]}
redeem,{1: [513]}
quest,{1: [697]}
wiser,"{1: [28, 30]}"
awaken,{1: [874]}
hroughout,{1: [1177]}
helpful,{1: [1058]}
knock,{1: [1304]}
outright,{1: [364]}
submission,{1: [97]}
admittedly,"{1: [181, 1277]}"
ahh,{1: [1366]}
arthur,{1: [1229]}
continue,"{1: [95, 485, 825, 1066, 1171, 1374]}"
foolish,{1: [671]}
essential,"{1: [505, 528]}"
taxexempt,{1: [236]}
pertaining,{1: [339]}
often,{1: [203]}
obliged,{1: [484]}
creation,"{1: [214, 257, 258]}"
back,"{1: [199, 233, 1129, 1245]}"
towards,{1: [459]}
examples,"{1: [126, 525]}"
mideast,{1: [408]}
wonderland,{1: [408]}
unguestionably,{1: [373]}
momentary,{1: [553]}
affects,{1: [838]}
shall,"{1: [863, 869, 1517]}"
lied,{1: [1388]}
integration,{1: [644]}
per,"{1: [45, 514, 515, 995]}"
religion,"{1: [409, 428, 448, 454, 606, 609, 611, 612, 614, 632, 642, 660, 717, 803, 807, 1043, 1317, 1332, 1528, 1529]}"
pen,"{1: [740, 743, 750, 752, 757]}"
civilization,"{1: [18, 387, 628, 880, 884]}"
professorships,{1: [614]}
invade,{1: [352]}
run,"{1: [813, 1346, 1470]}"
scalawags,{1: [463]}
dictates,{1: [556]}
continuing,{1: [559]}
use,"{1: [255, 256, 308, 746, 1083, 1207, 1213, 1543, 1545, 1552, 1552, 1561, 1568, 1575, 1576, 1584, 1584]}"
refused,"{1: [103, 104]}"
respected,"{1: [815, 1167]}"
usc,{1: [1553]}
taboo,{1: [723]}
intense,{1: [608]}
faith,"{1: [468, 852, 1446]}"
works,"{1: [1574, 1576]}"
anything,"{1: [222, 295, 397, 405, 1019, 1141, 1213]}"
deserves,{1: [137]}
hatred,{1: [1426]}
silence,{1: [259]}
undoing,{1: [738]}
letter,"{1: [752, 889, 1082]}"
conquest,"{1: [205, 529, 701, 794]}"
within,"{1: [357, 425, 689, 837, 1289, 1402, 1561]}"
exceed,{1: [1374]}
aliyah,"{1: [213, 215, 217, 218]}"
primarily,{1: [1207]}
next,{1: [564]}
story,"{1: [948, 1012, 1083, 1098, 1110, 1160, 1221, 1381, 1381, 1381]}"
acquiesce,{1: [104]}
informatory,{1: [1577]}
question,"{1: [212, 319, 520, 520, 520, 774, 904, 947, 965, 990, 992, 1000, 1069, 1093, 1120, 1132, 1244, 1417]}"
disbelieved,{1: [875]}
long,"{1: [245, 361, 362, 375, 375, 375, 432, 466, 549, 733, 756, 768, 1244, 1245, 1569, 1575, 1577]}"
infected,{1: [1233]}
inconsistency,{1: [647]}
suit,{1: [540]}
analyze,{1: [199]}
authored,"{1: [504, 648]}"
mundane,{1: [521]}
jewish,"{1: [13, 14, 88, 92, 98, 102, 103, 109, 111, 114, 122, 123, 126, 137, 169, 182, 193, 208, 231, 240, 242, 243, 243, 259, 329, 337, 409, 428, 442, 444, 461, 519, 520, 559, 617, 618, 640, 745, 764, 765, 782, 788, 800, 814, 849, 904, 1017, 1032, 1045, 1065, 1067, 1207, 1362, 1378, 1432, 1465]}"
pastor,{1: [1445]}
hoped,{1: [722]}
properly,"{1: [41, 265, 520]}"
atlantic,{1: [906]}
alive,"{1: [950, 1421]}"
russian,{1: [338]}
line,{1: [486]}
usury,{1: [653]}
directed,"{1: [580, 670]}"
patriot,{1: [12]}
redeemed,{1: [514]}
us,"{1: [20, 35, 36, 119, 146, 168, 175, 203, 247, 249, 257, 440, 443, 453, 453, 459, 462, 505, 506, 587, 593, 622, 626, 635, 723, 730, 745, 757, 777, 778, 788, 813, 821, 852, 943, 1064, 1229, 1356, 1361, 1464, 1466, 1550, 1552]}"
un,{1: [349]}
conguer,{1: [363]}
highlight,{1: [788]}
called,"{1: [283, 462, 528, 583, 869, 876, 1045]}"
zionists,{1: [229]}
possession,"{1: [719, 719, 1507]}"
impostor,"{1: [1215, 1249]}"
constant,"{1: [598, 751]}"
bureaucracy,{1: [828]}
castrated,{1: [561]}
influence,"{1: [111, 264, 386, 632, 909]}"
warning,"{1: [185, 713, 860]}"
rally,{1: [635]}
prevail,{1: [26]}
ancestors,"{1: [1256, 1257, 1269]}"
peace,{1: [317]}
fears,{1: [161]}
application,{1: [1368]}
politicians,{1: [239]}
reputation,{1: [1518]}
draw,{1: [726]}
elements,{1: [407]}
problems,"{1: [15, 39, 444, 835, 881]}"
helping,"{1: [390, 891, 897]}"
meaning,"{1: [213, 218, 1502]}"
smiled,{1: [118]}
oneworld,{1: [204]}
formal,{1: [1307]}
sides,"{1: [132, 634]}"
ago,"{1: [240, 274, 375, 451, 1150, 1347, 1437, 1447]}"
land,"{1: [233, 729, 733, 733, 770, 871, 1258, 1258]}"
implies,"{1: [506, 1567]}"
vice,"{1: [75, 171]}"
age,{1: [149]}
vehicles,{1: [539]}
walked,"{1: [279, 1269]}"
impatient,{1: [929]}
attaining,"{1: [19, 886]}"
came,{1: [867]}
ignorant,"{1: [317, 633, 635, 881]}"
marvel,{1: [89]}
requires,{1: [1373]}
watergate,{1: [412]}
resistance,{1: [365]}
alien,"{1: [869, 906, 1467]}"
antichrist,"{1: [889, 890, 897, 901, 906]}"
go,"{1: [233, 1000, 1037, 1083, 1162, 1185, 1185, 1402, 1555, 1584]}"
vicious,{1: [583]}
conservative,"{1: [882, 891, 919]}"
issues,"{1: [132, 1340, 1548]}"
seemed,{1: [176]}
stunned,{1: [1425]}
uphold,{1: [1042]}
concerned,"{1: [12, 308, 443, 488, 694, 965]}"
young,"{1: [1150, 1292]}"
arrogance,{1: [205]}
lower,{1: [649]}
fatal,{1: [732]}
sent,"{1: [168, 236]}"
enslaves,{1: [714]}
queen,{1: [1160]}
presently,{1: [725]}
outside,{1: [702]}
reserved,{1: [1575]}
continues,{1: [987]}
subservient,{1: [820]}
continued,{1: [129]}
entire,"{1: [121, 352, 386, 682, 924, 934, 1177]}"
transmission,{1: [1507]}
notes,"{1: [508, 510, 515, 528, 1005, 1073]}"
shock,{1: [814]}
gullible,"{1: [234, 239, 512, 645]}"
threat,{1: [545]}
race,"{1: [442, 644, 683, 691, 1212, 1289, 1352, 1453]}"
havent,"{1: [1244, 1388]}"
concluded,"{1: [930, 963, 988]}"
scientist,{1: [1316]}
imply,{1: [1580]}
growing,{1: [1023]}
extol,{1: [652]}
doctrines,{1: [713]}
business,"{1: [575, 597, 1054]}"
directive,"{1: [1561, 1568]}"
giving,"{1: [374, 1161]}"
mongrelization,{1: [645]}
expressed,{1: [1554]}
networks,{1: [536]}
waiting,"{1: [1215, 1466]}"
capital,"{1: [535, 578, 581, 585, 587, 591, 597]}"
nazis,"{1: [1013, 1027]}"
body,"{1: [244, 952, 1187]}"
led,"{1: [644, 654]}"
degree,"{1: [493, 552]}"
exchange,"{1: [528, 1169]}"
commercial,{1: [454]}
sins,{1: [318]}
desired,{1: [818]}
unthinking,"{1: [549, 549, 796]}"
let,"{1: [788, 1319, 1466]}"
conceited,{1: [200]}
gloat,{1: [181]}
others,"{1: [156, 229, 329, 445, 688]}"
consideration,{1: [1039]}
great,"{1: [376, 417, 777, 844, 1034, 1207, 1268, 1338, 1398, 1467]}"
engage,{1: [1051]}
talent,{1: [1340]}
dividing,{1: [573]}
kissinger,{1: [121]}
technical,{1: [538]}
involved,"{1: [13, 157, 563, 862]}"
opiate,"{1: [550, 612]}"
suggests,{1: [667]}
disenfranchise,{1: [755]}
opinion,"{1: [540, 997, 1315, 1537]}"
makes,{1: [448]}
honor,{1: [1082]}
thats,"{1: [212, 279, 302, 1143, 1282, 1366]}"
composed,{1: [321]}
examining,{1: [764]}
win,"{1: [407, 460]}"
confession,"{1: [492, 780]}"
private,{1: [505]}
wit,{1: [472]}
names,"{1: [299, 302, 307, 308, 463]}"
apply,"{1: [743, 1580]}"
gimmick,{1: [517]}
tools,{1: [736]}
carpetbaggers,{1: [463]}
standing,{1: [1454]}
confidence,"{1: [120, 874, 1190]}"
fee,"{1: [695, 921, 930]}"
crap,{1: [281]}
remains,"{1: [399, 852]}"
pusillanimous,{1: [1352]}
theme,{1: [875]}
mondale,"{1: [71, 171]}"
chr,{1: [871]}
doubt,{1: [1161]}
exhaustive,"{1: [448, 1563]}"
sort,{1: [243]}
confiscate,"{1: [507, 689]}"
parliament,{1: [1562]}
disgust,{1: [744]}
started,{1: [910]}
becomes,"{1: [191, 782, 1221, 1316]}"
rabbis,"{1: [614, 1056]}"
carrying,{1: [528]}
parrots,{1: [652]}
rubbish,{1: [284]}
gladly,{1: [863]}
harvest,{1: [634]}
women,"{1: [1202, 1203]}"
escaped,{1: [746]}
account,{1: [743]}
excellent,{1: [1502]}
f,{1: [171]}
package,"{1: [782, 1433]}"
anywhere,"{1: [316, 381, 987, 1235]}"
obvious,"{1: [191, 570]}"
servants,{1: [702]}
industrial,{1: [594]}
meet,{1: [920]}
didnt,"{1: [1000, 1089]}"
something,"{1: [834, 1037, 1308, 1336]}"
control,"{1: [19, 24, 102, 102, 103, 104, 259, 297, 349, 359, 359, 362, 363, 364, 364, 410, 492, 535, 543, 548, 559, 606, 612, 616, 630, 642, 654, 656, 659, 724, 732, 737, 762, 764, 765, 787, 802, 812, 924, 1034, 1172, 1176, 1214, 1224, 1225, 1226, 1233, 1234, 1288, 1380, 1439, 1442]}"
distractions,{1: [707]}
hatemongers,{1: [256]}
purposes,"{1: [376, 540, 1554, 1584]}"
high,"{1: [108, 697, 816, 1373]}"
effectively,{1: [255]}
khazar,{1: [1268]}
fulfillment,"{1: [705, 707]}"
sought,"{1: [930, 936]}"
standard,{1: [1373]}
contempt,{1: [126]}
educational,"{1: [1375, 1446, 1554]}"
united,"{1: [77, 241, 258, 309, 325, 343, 348, 372, 856, 908, 1234, 1377, 1379]}"
boasting,"{1: [374, 1277]}"
democracy,"{1: [655, 656, 659]}"
destroying,"{1: [18, 626, 1335]}"
six,"{1: [323, 329, 1012, 1034, 1380, 1447]}"
mumbled,{1: [977]}
compiled,{1: [1487]}
instead,"{1: [282, 283, 909]}"
intelligent,"{1: [301, 378, 1247, 1290, 1346]}"
sin,"{1: [871, 1064]}"
dominion,"{1: [1457, 1457]}"
puppets,{1: [661]}
immersed,{1: [204]}
philosophy,"{1: [682, 687, 699, 714]}"
collection,"{1: [442, 1508]}"
pigs,{1: [540]}
ethnic,{1: [137]}
solidarity,{1: [1382]}
readiness,{1: [407]}
realized,"{1: [603, 732]}"
light,"{1: [28, 35, 448, 664, 725, 726, 729, 1456, 1456]}"
interrupted,"{1: [1039, 1192, 1270]}"
element,{1: [596]}
chief,"{1: [1228, 1230]}"
spain,"{1: [1152, 1158, 1160]}"
subsequently,{1: [717]}
secured,{1: [156]}
furnish,"{1: [492, 553]}"
stamped,{1: [718]}
producer,{1: [1232]}
produces,{1: [692]}
lands,{1: [1269]}
including,"{1: [360, 830, 868, 1309, 1509, 1570, 1575, 1577]}"
mentioned,{1: [119]}
newsweek,{1: [1230]}
bunch,{1: [280]}
industries,{1: [553]}
chosen,"{1: [474, 623, 646, 686, 805, 948, 949, 1099, 1101, 1116, 1118, 1259, 1263, 1381, 1418, 1420, 1421]}"
intensify,{1: [726]}
masses,"{1: [138, 756, 763, 833]}"
ships,{1: [1208]}
labor,"{1: [445, 568, 573, 574, 579, 581, 584, 586, 591, 593, 597, 598, 688, 688, 691, 798]}"
permanent,"{1: [220, 222, 406]}"
covered,{1: [38]}
pending,{1: [679]}
prosper,{1: [597]}
greater,"{1: [667, 941]}"
material,"{1: [267, 757, 817, 1487, 1545, 1546, 1552, 1553, 1561, 1584]}"
mention,"{1: [527, 570]}"
kid,{1: [1149]}
hands,"{1: [96, 538, 815, 817, 864]}"
front,{1: [919]}
day,"{1: [138, 175, 1047]}"
presidential,"{1: [110, 309]}"
unegualed,{1: [381]}
worlds,{1: [348]}
masters,"{1: [551, 709, 742, 1179, 1342]}"
mode,{1: [484]}
truth,"{1: [161, 162, 541, 629, 634, 640, 719, 720, 721, 835, 842, 865, 898, 900, 961]}"
involvement,{1: [14]}
experienced,{1: [866]}
prevailing,{1: [488]}
globe,{1: [936]}
programmed,{1: [555]}
misdirected,{1: [769]}
related,"{1: [250, 947, 1562]}"
constitute,{1: [468]}
society,"{1: [99, 302, 317, 455, 561, 573, 623, 642, 647, 654, 690, 698, 714, 802, 1563]}"
books,{1: [1474]}
exceeded,"{1: [662, 697]}"
relates,{1: [250]}
interrupts,"{1: [1280, 1286, 1298]}"
special,"{1: [623, 646, 647, 1580]}"
matt,"{1: [709, 898]}"
populace,{1: [562]}
defend,{1: [626]}
valve,{1: [552]}
venom,"{1: [202, 1364, 1427]}"
socalled,{1: [382]}
impart,{1: [1538]}
cause,"{1: [15, 677, 887]}"
red,"{1: [20, 348]}"
achievements,{1: [684]}
harold,"{1: [12, 53, 92, 148, 159, 168, 168, 174, 179, 199, 773, 779, 846, 915, 952, 1416, 1431, 1435]}"
alleged,"{1: [150, 1435]}"
dictionary,{1: [953]}
godly,{1: [1457]}
undo,{1: [1347]}
attending,{1: [166]}
completely,"{1: [923, 1162, 1233, 1235]}"
surely,{1: [1097]}
york,"{1: [67, 149, 183, 1231]}"
conservatives,{1: [893]}
sneer,{1: [791]}
mongolians,{1: [1257]}
hostile,{1: [771]}
phrases,{1: [1501]}
could,"{1: [23, 101, 136, 141, 435, 512, 514, 539, 733, 816, 836, 1035, 1105, 1139, 1171, 1172, 1247, 1270, 1346, 1389]}"
hes,"{1: [229, 1109, 1109]}"
david,"{1: [166, 227, 1227]}"
conversation,"{1: [136, 245, 430]}"
davis,"{1: [395, 398]}"
guestion,{1: [1332]}
mankind,{1: [1278]}
manuscript,"{1: [44, 833, 837, 862, 936, 938, 939]}"
powerful,"{1: [240, 322, 339, 1187, 1201]}"
scene,{1: [133]}
owned,{1: [506]}
jesus,"{1: [268, 272, 277, 459, 476, 1127, 1245]}"
owner,"{1: [1546, 1585]}"
reached,{1: [943]}
management,"{1: [574, 579, 581, 582, 584, 591, 593, 596, 599, 798]}"
publication,"{1: [361, 539, 919, 1567]}"
privacy,{1: [1517]}
journals,{1: [538]}
pharisees,{1: [709]}
system,"{1: [20, 125, 504, 505, 526, 535, 1180, 1194, 1234]}"
relations,{1: [169]}
attack,"{1: [57, 406, 593, 635, 678]}"
palestine,"{1: [214, 220, 233, 281, 1270]}"
perfectly,{1: [1092]}
final,"{1: [867, 940, 946, 1449]}"
misinformed,{1: [317]}
interests,"{1: [462, 1582]}"
explanation,"{1: [1121, 1315, 1485]}"
exactly,"{1: [1000, 1152]}"
lists,{1: [170]}
environmental,{1: [1547]}
regards,{1: [1561]}
aryan,"{1: [449, 693, 743]}"
manipulation,"{1: [503, 568, 574, 586]}"
overwhelming,"{1: [24, 874]}"
institution,"{1: [438, 506]}"
remember,"{1: [1072, 1095, 1152, 1160]}"
warfare,{1: [372]}
quietness,{1: [430]}
subjectmatter,"{1: [1574, 1576, 1581]}"
gentile,"{1: [324, 628, 1202, 1282, 1290]}"
whenever,{1: [1002]}
individual,"{1: [441, 676, 678, 1058, 1285]}"
reproduction,"{1: [1074, 1566, 1568, 1573]}"
nedarim,{1: [1046]}
false,"{1: [232, 1251]}"
lightly,{1: [1037]}
spelled,{1: [1308]}
fail,{1: [132]}
need,"{1: [39, 41, 233, 259, 292, 627, 1095, 1391, 1464]}"
clearly,{1: [683]}
catholic,{1: [1315]}
bastard,"{1: [1297, 1300, 1304]}"
afraid,"{1: [426, 990, 992]}"
skillful,{1: [1368]}
babel,{1: [1178]}
agency,{1: [243]}
boastful,"{1: [200, 1425]}"
outward,"{1: [562, 706]}"
mix,"{1: [302, 1201]}"
relatives,{1: [355]}
concerns,{1: [564]}
mir,{1: [1309]}
unless,"{1: [229, 721, 1173, 1225, 1570, 1578]}"
procure,"{1: [705, 705]}"
harmful,{1: [260]}
representation,{1: [855]}
device,{1: [737]}
cleverest,{1: [1032]}
class,"{1: [351, 372]}"
fair,"{1: [1543, 1552, 1584]}"
nidre,"{1: [1045, 1046]}"
deny,{1: [1044]}
consequences,{1: [1408]}
stronger,{1: [768]}
face,"{1: [15, 870, 881]}"
gesture,{1: [852]}
wounded,{1: [158]}
fact,"{1: [167, 284, 440, 452, 469, 599, 640, 760, 1044, 1248, 1279, 1444, 1450]}"
text,"{1: [11, 44, 612]}"
agreed,"{1: [1073, 1408, 1411]}"
charles,"{1: [47, 1474, 1481, 1496]}"
anyway,"{1: [972, 1020, 1152, 1166]}"
unbelievable,"{1: [843, 1404, 1439]}"
bring,"{1: [591, 705, 781, 818]}"
traitor,{1: [907]}
bedroom,{1: [119]}
fear,"{1: [561, 717, 729, 731, 751, 809, 905]}"
supporter,{1: [622]}
communism,"{1: [340, 880]}"
based,"{1: [232, 717, 1567]}"
knowledge,"{1: [192, 312, 343, 864, 928, 947]}"
sheriff,{1: [1444]}
rosenthal,"{1: [12, 13, 17, 31, 53, 56, 58, 63, 92, 101, 108, 118, 139, 148, 154, 155, 157, 159, 164, 166, 169, 175, 179, 249, 431, 501, 510, 559, 570, 608, 640, 656, 666, 773, 779, 786, 789, 813, 844, 846, 873, 875, 915, 923, 927, 929, 943, 945, 960, 977, 986, 1005, 1022, 1042, 1092, 1103, 1197, 1388, 1411, 1416, 1431, 1435, 1442]}"
tape,"{1: [930, 955, 1131, 1310, 1416]}"
indeed,{1: [191]}
attained,{1: [617]}
communist,"{1: [124, 139, 325, 358]}"
local,"{1: [588, 755]}"
achieve,{1: [693]}
meant,{1: [1309]}
topple,{1: [761]}
hijacking,{1: [160]}
bonds,"{1: [525, 855]}"
beat,{1: [274]}
bear,"{1: [1479, 1485, 1487, 1489]}"
made,"{1: [92, 97, 246, 264, 365, 452, 571, 779, 835, 1052, 1065, 1071, 1436, 1442, 1569]}"
legitimate,{1: [1582]}
words,"{1: [30, 31, 142, 769, 957, 979, 1040, 1279, 1501]}"
christianitys,{1: [206]}
tossed,{1: [230]}
glory,{1: [599]}
contemptible,{1: [1302]}
h,"{1: [1227, 1230]}"
wish,"{1: [937, 1584]}"
ministered,{1: [867]}
fixed,{1: [132]}
europe,{1: [1257]}
exists,"{1: [258, 258, 549, 561, 578]}"
acquired,{1: [536]}
national,"{1: [93, 503, 505, 587, 1251, 1253]}"
edition,{1: [877]}
officials,"{1: [244, 489]}"
merits,{1: [643]}
recently,{1: [697]}
gutters,{1: [1470]}
destiny,{1: [762]}
attempting,{1: [357]}
vows,"{1: [1046, 1047]}"
written,"{1: [193, 667, 752, 998, 1487]}"
closed,{1: [730]}
deposed,{1: [769]}
tens,{1: [836]}
neither,{1: [584]}
warren,{1: [1230]}
youll,"{1: [1079, 1084, 1202]}"
publishers,{1: [361]}
ends,{1: [988]}
sole,{1: [1569]}
explosive,{1: [552]}
ability,{1: [945]}
importance,"{1: [836, 840]}"
however,"{1: [698, 723, 779, 1447]}"
willing,{1: [702]}
key,{1: [788]}
police,"{1: [322, 355, 355]}"
baubles,{1: [704]}
freely,"{1: [154, 1351]}"
taking,{1: [309]}
equal,"{1: [480, 1067, 1371]}"
attributed,"{1: [102, 1089]}"
agree,"{1: [1084, 1251]}"
etc,"{1: [464, 684, 899, 1052, 1548]}"
admit,"{1: [5, 779, 813, 913, 949, 1420]}"
auctions,{1: [1208]}
estimation,{1: [452]}
otherwise,{1: [1035]}
comment,"{1: [958, 1252, 1425]}"
co,{1: [114]}
abhorred,{1: [676]}
worldly,{1: [30]}
manhood,{1: [561]}
passon,{1: [938]}
forms,{1: [526]}
copies,"{1: [935, 1045]}"
cent,"{1: [514, 515]}"
immense,{1: [348]}
poured,{1: [431]}
define,{1: [222]}
tyranny,"{1: [1, 19, 20, 82, 753, 935, 938, 1429, 1465]}"
controlled,"{1: [104, 631, 1254]}"
sufficient,{1: [492]}
assert,{1: [855]}
atonement,{1: [1047]}
finished,{1: [967]}
present,"{1: [564, 706, 853]}"
quotation,{1: [504]}
cbs,{1: [1227]}
fearful,{1: [723]}
plain,{1: [1003]}
appearance,{1: [562]}
value,"{1: [447, 721]}"
secrets,{1: [845]}
instigated,{1: [1170]}
rbf,{1: [59]}
discoveries,{1: [402]}
almost,"{1: [129, 205, 838, 1151, 1174, 1235, 1378, 1403, 1436]}"
thus,"{1: [98, 234, 364, 474, 582, 589, 701, 746, 835, 910, 939, 1361]}"
site,"{1: [1545, 1553, 1584]}"
surface,"{1: [781, 1431]}"
helped,{1: [781]}
watched,{1: [1425]}
claimed,{1: [1508]}
capture,{1: [812]}
repugnant,{1: [260]}
terrorist,{1: [57]}
productivity,{1: [695]}
perhaps,"{1: [136, 576, 780, 1033, 1058, 1105, 1368, 1383, 1402]}"
began,"{1: [434, 948, 1098]}"
administration,{1: [113]}
cross,{1: [459]}
unite,"{1: [593, 677, 678, 679, 899]}"
member,"{1: [230, 589, 1462, 1564]}"
matthew,{1: [36]}
unity,{1: [1181]}
strange,{1: [157]}
eyeforan,{1: [283]}
party,"{1: [333, 460]}"
gets,"{1: [814, 1080, 1300]}"
injured,{1: [155]}
spell,"{1: [217, 984, 1308]}"
slave,{1: [1208]}
reporting,{1: [1576]}
upon,"{1: [19, 39, 112, 131, 719, 720, 727, 941, 1408, 1412, 1518]}"
effect,{1: [1052]}
beast,{1: [20]}
prophesied,{1: [685]}
infinite,{1: [706]}
frequently,{1: [299]}
adherents,{1: [491]}
destruction,"{1: [576, 627, 1393, 1461]}"
scarcely,{1: [843]}
center,{1: [340]}
weapon,"{1: [833, 1367]}"
well,"{1: [308, 598, 1000, 1054, 1066, 1075, 1134, 1201, 1314, 1319, 1324, 1406]}"
fighting,"{1: [630, 735, 1454]}"
col,{1: [714]}
thought,"{1: [378, 389, 559, 963, 974, 1026, 1033, 1528]}"
command,{1: [97]}
english,"{1: [980, 1322, 1325, 1502]}"
conquer,{1: [897]}
creators,"{1: [682, 683]}"
soviet,"{1: [322, 323]}"
latest,{1: [1256]}
less,"{1: [604, 604, 1029]}"
khrushchev,{1: [96]}
executive,"{1: [1228, 1230]}"
keeping,{1: [1177]}
protecting,"{1: [890, 893]}"
antisemitism,"{1: [208, 254, 257, 258]}"
happiness,{1: [702]}
spells,{1: [986]}
rapid,{1: [725]}
guts,"{1: [294, 423, 425, 791, 1293, 1352]}"
semitism,"{1: [254, 257]}"
reasons,"{1: [616, 1288]}"
adoption,{1: [98]}
raved,{1: [180]}
citizen,{1: [775]}
ought,{1: [492]}
divided,{1: [1356]}
myth,"{1: [279, 805]}"
government,"{1: [14, 125, 186, 215, 297, 307, 309, 323, 337, 339, 343, 354, 356, 409, 412, 413, 417, 489, 506, 575, 642, 658, 735, 787, 803, 816, 817, 1152, 1153, 1183, 1346, 1444]}"
httpwwwlawcornelleduuscodeshtml,{1: [1555]}
increases,{1: [592]}
five,"{1: [329, 471]}"
know,"{1: [295, 307, 315, 356, 379, 397, 416, 725, 834, 834, 879, 899, 900, 1017, 1019, 1022, 1025, 1026, 1029, 1088, 1097, 1109, 1120, 1143, 1180, 1212, 1247, 1319, 1380, 1470]}"
presume,{1: [1210]}
press,"{1: [492, 952, 1573]}"
intrigues,{1: [461]}
necessary,"{1: [40, 453, 553, 596, 836, 1168, 1181, 1212]}"
like,"{1: [5, 20, 195, 237, 246, 255, 279, 394, 913, 949, 1000, 1306, 1315, 1381, 1382, 1420, 1426]}"
success,"{1: [181, 485, 1375]}"
pity,{1: [292]}
admitted,"{1: [787, 802, 1279]}"
parasite,{1: [485]}
martin,{1: [99]}
become,"{1: [215, 375, 394, 397, 398, 551, 563, 622, 702, 708, 708, 778, 849, 1153, 1167, 1172, 1173, 1291, 1324]}"
conclusion,{1: [1427]}
traitors,{1: [463]}
foreseeable,{1: [308]}
searching,{1: [1143]}
hail,{1: [655]}
proper,"{1: [41, 770, 835, 1201]}"
home,{1: [1517]}
empire,"{1: [282, 284, 761]}"
happens,{1: [1002]}
lear,{1: [1232]}
passion,"{1: [744, 1393]}"
ethiopian,{1: [1333]}
forgiven,{1: [1051]}
leader,"{1: [227, 282, 1166, 1166]}"
reaching,{1: [730]}
monetary,{1: [503]}
pressure,{1: [552]}
murdered,"{1: [56, 160, 1012]}"
conveyed,{1: [779]}
although,"{1: [154, 837, 937]}"
nationalities,{1: [321]}
posterity,{1: [564]}
coldly,{1: [139]}
raise,{1: [581]}
gained,"{1: [500, 527, 642, 656, 802]}"
actual,{1: [180]}
getting,"{1: [699, 782, 987, 1432]}"
freedom,"{1: [313, 856, 1455, 1455, 1528, 1528, 1537, 1537]}"
urged,{1: [434]}
louisville,{1: [1447]}
blessings,{1: [655]}
worldl,{1: [1187]}
debauched,{1: [1195]}
fatally,{1: [158]}
outset,{1: [507]}
letters,{1: [754]}
perfectionists,{1: [1368]}
previously,{1: [643]}
preexisting,{1: [354]}
washington,"{1: [14, 167, 169, 170, 186, 239, 828, 920, 1291]}"
billions,{1: [527]}
guard,{1: [910]}
doesnt,"{1: [271, 306, 378, 397, 1330, 1375]}"
brush,"{1: [1037, 1278]}"
couldnt,{1: [268]}
strategy,{1: [1347]}
regarded,{1: [1253]}
accused,"{1: [946, 1416]}"
spots,{1: [1333]}
rcs,{1: [1227]}
inasmuch,{1: [1436]}
vay,"{1: [1308, 1308, 1309]}"
inner,"{1: [17, 845, 1294]}"
rosenfield,{1: [1227]}
buy,{1: [268]}
north,{1: [631]}
taxfree,{1: [245]}
triggered,{1: [570]}
brand,{1: [255]}
gain,"{1: [23, 432]}"
courts,{1: [1172]}
contemptuously,{1: [517]}
highest,{1: [690]}
baptist,{1: [1446]}
detestable,"{1: [251, 736, 1302]}"
tactics,{1: [18]}
israelites,"{1: [232, 474, 1256]}"
evident,"{1: [112, 629]}"
whether,"{1: [389, 541, 1152]}"
dangerous,{1: [883]}
official,{1: [905]}
distract,{1: [435]}
excitement,{1: [570]}
converted,"{1: [394, 398, 699, 1325, 1335]}"
stories,{1: [1448]}
problem,"{1: [35, 41, 389, 518, 519, 580, 737, 746]}"
globalist,{1: [61]}
cordial,{1: [608]}
supreme,{1: [1440]}
apathy,{1: [826]}
replying,{1: [1417]}
universal,"{1: [1509, 1512, 1513, 1524, 1533]}"
authenticity,"{1: [1019, 1046]}"
dissemination,{1: [1507]}
denote,{1: [1297]}
goodness,{1: [652]}
ink,"{1: [106, 752]}"
pits,{1: [137]}
education,{1: [1373]}
pit,{1: [593]}
happen,{1: [487]}
authority,{1: [1461]}
talmud,"{1: [440, 987, 1046, 1324]}"
incredible,"{1: [140, 1448]}"
corporation,"{1: [527, 535]}"
scholarly,{1: [1256]}
saviour,{1: [898]}
book,"{1: [588, 589, 612, 653, 656, 657, 657, 658, 659, 753, 993, 1046, 1252, 1500]}"
conspires,{1: [882]}
repute,{1: [750]}
illusion,{1: [756]}
chameleon,{1: [1426]}
illegally,{1: [829]}
conveys,{1: [953]}
living,"{1: [1042, 1417, 1454]}"
oppression,{1: [1449]}
june,{1: [47]}
shown,{1: [44]}
risked,{1: [863]}
chance,{1: [1306]}
earthly,"{1: [267, 284]}"
friends,"{1: [167, 1088, 1248, 1248, 1306]}"
christians,"{1: [202, 234, 460, 615, 619, 633, 635, 972, 1066, 1147, 1153, 1168, 1215, 1456, 1457]}"
squeal,{1: [541]}
arouse,{1: [874]}
prevalent,{1: [35]}
entertainment,{1: [550]}
rule,"{1: [338, 354, 659, 763, 892, 892]}"
portion,"{1: [603, 935, 940]}"
compete,"{1: [1369, 1376]}"
jewcontrolled,{1: [821]}
understand,"{1: [337, 655, 687, 687, 720, 734, 753, 972, 1092, 1282, 1309, 1315, 1371, 1389, 1409, 1411]}"
confess,{1: [666]}
unspeakable,{1: [1469]}
